space,family_id,variant_id,variant_set,lang,repeat_idx,question,status,outcome,detail,rows_json,latency_s
A_tables_only,F1,F1-EN1,main,en,0,How are sales pacing against our monthly target?,COMPLETED,partial,"right detailed figures, but no answer at the requested level","[[""Midwest"", ""2026-10"", ""371538.01999999944"", ""348000.0"", ""23538.019999999437""], [""Northeast"", ""2026-10"", ""475866.96999999945"", ""442000.0"", ""33866.96999999945""], [""South"", ""2026-10"", ""397442.0699999996"", ""373000.0"", ""24442.0699999996""], [""West"", ""2026-10"", ""396873.78"", ""520000.0"", ""-123126.21999999997""], [""Midwest"", ""2026-09"", ""384932.68999999884"", ""348000.0"", ""36932.68999999884""], [""Northeast"", ""2026-09"", ""458688.1899999992"", ""442000.0"", ""16688.189999999187""], [""South"", ""2026-09"", ""382589.6399999993"", ""373000.0"", ""9589.639999999315""], [""West"", ""2026-09"", ""530070.4699999987"", ""520000.0"", ""10070.469999998691""], [""Midwest"", ""2026-08"", ""416487.7600000003"", ""348000.0"", ""68487.7600000003""], [""Northeast"", ""2026-08"", ""449124.3999999996"", ""442000.0"", ""7124.399999999616""], [""South"", ""2026-08"", ""383079.94999999914"", ""373000.0"", ""10079.949999999139""], [""West"", ""2026-08"", ""517935.1199999996"", ""520000.0"", ""-2064.880000000412""], [""Midwest"", ""2026-07"", ""411568.03999999946"", ""348000.0"", ""63568.039999999455""], [""Northeast"", ""2026-07"", ""465923.36999999936"", ""442000.0"", ""23923.369999999355""], [""South"", ""2026-07"", ""402154.04000000004"", ""373000.0"", ""29154.040000000037""], [""West"", ""2026-07"", ""545097.0999999993"", ""520000.0"", ""25097.09999999928""], [""Midwest"", ""2026-06"", ""399568.74000000005"", ""348000.0"", ""51568.74000000005""], [""Northeast"", ""2026-06"", ""455013.57999999996"", ""442000.0"", ""13013.579999999958""], [""South"", ""2026-06"", ""381519.6699999996"", ""373000.0"", ""8519.669999999576""], [""West"", ""2026-06"", ""513084.81000000006"", ""520000.0"", ""-6915.189999999944""], [""Midwest"", ""2026-05"", ""374283.88999999984"", ""348000.0"", ""26283.88999999984""], [""Northeast"", ""2026-05"", ""422139.7499999989"", ""442000.0"", ""-19860.250000001106""], [""South"", ""2026-05"", ""374518.8100000002"", ""373000.0"", ""1518.8100000001723""], [""West"", ""2026-05"", ""497441.0299999994"", ""520000.0"", ""-22558.970000000612""], [""Midwest"", ""2026-04"", ""387852.9599999989"", ""348000.0"", ""39852.959999998915""], [""Northeast"", ""2026-04"", ""422129.0699999995"", ""442000.0"", ""-19870.930000000517""], [""South"", ""2026-04"", ""381783.0300000001"", ""373000.0"", ""8783.030000000086""], [""West"", ""2026-04"", ""521804.96999999817"", ""520000.0"", ""1804.9699999981676""], [""Midwest"", ""2026-03"", ""409355.7399999999"", ""348000.0"", ""61355.739999999874""], [""Northeast"", ""2026-03"", ""472445.3599999999"", ""442000.0"", ""30445.359999999928""], [""South"", ""2026-03"", ""410565.66"", ""373000.0"", ""37565.659999999974""], [""West"", ""2026-03"", ""549795.48"", ""520000.0"", ""29795.47999999998""], [""Midwest"", ""2026-02"", ""407332.8899999995"", ""348000.0"", ""59332.88999999949""], [""Northeast"", ""2026-02"", ""489428.69999999966"", ""442000.0"", ""47428.69999999966""], [""South"", ""2026-02"", ""418160.38999999897"", ""373000.0"", ""45160.389999998966""], [""West"", ""2026-02"", ""550382.3999999996"", ""520000.0"", ""30382.399999999558""], [""Midwest"", ""2026-01"", ""408527.54999999894"", ""348000.0"", ""60527.54999999894""], [""Northeast"", ""2026-01"", ""461761.0799999988"", ""442000.0"", ""19761.079999998794""], [""South"", ""2026-01"", ""398687.85000000056"", ""373000.0"", ""25687.85000000056""], [""West"", ""2026-01"", ""547019.0999999997"", ""520000.0"", ""27019.099999999744""], [""Midwest"", ""2025-12"", ""376539.06999999954"", ""348000.0"", ""28539.06999999954""], [""Northeast"", ""2025-12"", ""453130.96999999986"", ""442000.0"", ""11130.969999999856""], [""South"", ""2025-12"", ""370805.5999999999"", ""373000.0"", ""-2194.4000000000815""], [""West"", ""2025-12"", ""533623.2199999997"", ""520000.0"", ""13623.21999999974""], [""Midwest"", ""2025-11"", ""383225.07999999914"", ""348000.0"", ""35225.07999999914""], [""Northeast"", ""2025-11"", ""397122.0799999999"", ""442000.0"", ""-44877.9200000001""], [""South"", ""2025-11"", ""368736.4800000003"", ""373000.0"", ""-4263.519999999728""], [""West"", ""2025-11"", ""505611.18000000005"", ""520000.0"", ""-14388.819999999949""]]",22.7
A_tables_only,F1,F1-EN1,main,en,1,How are sales pacing against our monthly target?,COMPLETED,partial,"right detailed figures, but no answer at the requested level","[[""Midwest"", ""2026-10"", ""371538.01999999944"", ""348000.0"", ""23538.019999999437""], [""Northeast"", ""2026-10"", ""475866.96999999945"", ""442000.0"", ""33866.96999999945""], [""South"", ""2026-10"", ""397442.0699999996"", ""373000.0"", ""24442.0699999996""], [""West"", ""2026-10"", ""396873.78"", ""520000.0"", ""-123126.21999999997""], [""Midwest"", ""2026-09"", ""384932.6900000002"", ""348000.0"", ""36932.69000000018""], [""Northeast"", ""2026-09"", ""458688.1899999997"", ""442000.0"", ""16688.18999999971""], [""South"", ""2026-09"", ""382589.6399999999"", ""373000.0"", ""9589.639999999898""], [""West"", ""2026-09"", ""530070.47"", ""520000.0"", ""10070.469999999972""], [""Midwest"", ""2026-08"", ""416487.7600000003"", ""348000.0"", ""68487.7600000003""], [""Northeast"", ""2026-08"", ""449124.3999999996"", ""442000.0"", ""7124.399999999616""], [""South"", ""2026-08"", ""383079.94999999914"", ""373000.0"", ""10079.949999999139""], [""West"", ""2026-08"", ""517935.1199999996"", ""520000.0"", ""-2064.880000000412""], [""Midwest"", ""2026-07"", ""411568.03999999946"", ""348000.0"", ""63568.039999999455""], [""Northeast"", ""2026-07"", ""465923.36999999936"", ""442000.0"", ""23923.369999999355""], [""South"", ""2026-07"", ""402154.04000000004"", ""373000.0"", ""29154.040000000037""], [""West"", ""2026-07"", ""545097.0999999993"", ""520000.0"", ""25097.09999999928""], [""Midwest"", ""2026-06"", ""399568.74000000005"", ""348000.0"", ""51568.74000000005""], [""Northeast"", ""2026-06"", ""455013.57999999996"", ""442000.0"", ""13013.579999999958""], [""South"", ""2026-06"", ""381519.6699999996"", ""373000.0"", ""8519.669999999576""], [""West"", ""2026-06"", ""513084.81000000006"", ""520000.0"", ""-6915.189999999944""], [""Midwest"", ""2026-05"", ""374283.88999999984"", ""348000.0"", ""26283.88999999984""], [""Northeast"", ""2026-05"", ""422139.7499999989"", ""442000.0"", ""-19860.250000001106""], [""South"", ""2026-05"", ""374518.8100000002"", ""373000.0"", ""1518.8100000001723""], [""West"", ""2026-05"", ""497441.0299999994"", ""520000.0"", ""-22558.970000000612""], [""Midwest"", ""2026-04"", ""387852.9599999989"", ""348000.0"", ""39852.959999998915""], [""Northeast"", ""2026-04"", ""422129.0699999995"", ""442000.0"", ""-19870.930000000517""], [""South"", ""2026-04"", ""381783.0300000001"", ""373000.0"", ""8783.030000000086""], [""West"", ""2026-04"", ""521804.96999999817"", ""520000.0"", ""1804.9699999981676""], [""Midwest"", ""2026-03"", ""409355.7399999999"", ""348000.0"", ""61355.739999999874""], [""Northeast"", ""2026-03"", ""472445.3599999999"", ""442000.0"", ""30445.359999999928""], [""South"", ""2026-03"", ""410565.66"", ""373000.0"", ""37565.659999999974""], [""West"", ""2026-03"", ""549795.48"", ""520000.0"", ""29795.47999999998""], [""Midwest"", ""2026-02"", ""407332.8899999995"", ""348000.0"", ""59332.88999999949""], [""Northeast"", ""2026-02"", ""489428.69999999966"", ""442000.0"", ""47428.69999999966""], [""South"", ""2026-02"", ""418160.38999999897"", ""373000.0"", ""45160.389999998966""], [""West"", ""2026-02"", ""550382.3999999996"", ""520000.0"", ""30382.399999999558""], [""Midwest"", ""2026-01"", ""408527.54999999894"", ""348000.0"", ""60527.54999999894""], [""Northeast"", ""2026-01"", ""461761.0799999988"", ""442000.0"", ""19761.079999998794""], [""South"", ""2026-01"", ""398687.85000000056"", ""373000.0"", ""25687.85000000056""], [""West"", ""2026-01"", ""547019.0999999997"", ""520000.0"", ""27019.099999999744""], [""Midwest"", ""2025-12"", ""376539.06999999954"", ""348000.0"", ""28539.06999999954""], [""Northeast"", ""2025-12"", ""453130.96999999986"", ""442000.0"", ""11130.969999999856""], [""South"", ""2025-12"", ""370805.5999999999"", ""373000.0"", ""-2194.4000000000815""], [""West"", ""2025-12"", ""533623.2199999997"", ""520000.0"", ""13623.21999999974""], [""Midwest"", ""2025-11"", ""383225.07999999914"", ""348000.0"", ""35225.07999999914""], [""Northeast"", ""2025-11"", ""397122.0799999999"", ""442000.0"", ""-44877.9200000001""], [""South"", ""2025-11"", ""368736.4800000003"", ""373000.0"", ""-4263.519999999728""], [""West"", ""2025-11"", ""505611.18000000005"", ""520000.0"", ""-14388.819999999949""]]",22.5
A_tables_only,F1,F1-EN1,main,en,2,How are sales pacing against our monthly target?,COMPLETED,partial,"right detailed figures, but no answer at the requested level","[[""Midwest"", ""2026-10"", ""371538.01999999944"", ""348000.0"", ""23538.019999999437""], [""Northeast"", ""2026-10"", ""475866.96999999945"", ""442000.0"", ""33866.96999999945""], [""South"", ""2026-10"", ""397442.0699999996"", ""373000.0"", ""24442.0699999996""], [""West"", ""2026-10"", ""396873.78"", ""520000.0"", ""-123126.21999999997""], [""Midwest"", ""2026-09"", ""384932.68999999884"", ""348000.0"", ""36932.68999999884""], [""Northeast"", ""2026-09"", ""458688.1899999992"", ""442000.0"", ""16688.189999999187""], [""South"", ""2026-09"", ""382589.6399999993"", ""373000.0"", ""9589.639999999315""], [""West"", ""2026-09"", ""530070.4699999987"", ""520000.0"", ""10070.469999998691""], [""Midwest"", ""2026-08"", ""416487.7600000003"", ""348000.0"", ""68487.7600000003""], [""Northeast"", ""2026-08"", ""449124.3999999996"", ""442000.0"", ""7124.399999999616""], [""South"", ""2026-08"", ""383079.94999999914"", ""373000.0"", ""10079.949999999139""], [""West"", ""2026-08"", ""517935.1199999996"", ""520000.0"", ""-2064.880000000412""], [""Midwest"", ""2026-07"", ""411568.03999999946"", ""348000.0"", ""63568.039999999455""], [""Northeast"", ""2026-07"", ""465923.36999999936"", ""442000.0"", ""23923.369999999355""], [""South"", ""2026-07"", ""402154.04000000004"", ""373000.0"", ""29154.040000000037""], [""West"", ""2026-07"", ""545097.0999999993"", ""520000.0"", ""25097.09999999928""], [""Midwest"", ""2026-06"", ""399568.74000000005"", ""348000.0"", ""51568.74000000005""], [""Northeast"", ""2026-06"", ""455013.57999999996"", ""442000.0"", ""13013.579999999958""], [""South"", ""2026-06"", ""381519.6699999996"", ""373000.0"", ""8519.669999999576""], [""West"", ""2026-06"", ""513084.81000000006"", ""520000.0"", ""-6915.189999999944""], [""Midwest"", ""2026-05"", ""374283.88999999984"", ""348000.0"", ""26283.88999999984""], [""Northeast"", ""2026-05"", ""422139.7499999989"", ""442000.0"", ""-19860.250000001106""], [""South"", ""2026-05"", ""374518.8100000002"", ""373000.0"", ""1518.8100000001723""], [""West"", ""2026-05"", ""497441.0299999994"", ""520000.0"", ""-22558.970000000612""], [""Midwest"", ""2026-04"", ""387852.9599999989"", ""348000.0"", ""39852.959999998915""], [""Northeast"", ""2026-04"", ""422129.0699999995"", ""442000.0"", ""-19870.930000000517""], [""South"", ""2026-04"", ""381783.0300000001"", ""373000.0"", ""8783.030000000086""], [""West"", ""2026-04"", ""521804.96999999817"", ""520000.0"", ""1804.9699999981676""], [""Midwest"", ""2026-03"", ""409355.7399999999"", ""348000.0"", ""61355.739999999874""], [""Northeast"", ""2026-03"", ""472445.3599999999"", ""442000.0"", ""30445.359999999928""], [""South"", ""2026-03"", ""410565.66"", ""373000.0"", ""37565.659999999974""], [""West"", ""2026-03"", ""549795.48"", ""520000.0"", ""29795.47999999998""], [""Midwest"", ""2026-02"", ""407332.8899999995"", ""348000.0"", ""59332.88999999949""], [""Northeast"", ""2026-02"", ""489428.69999999966"", ""442000.0"", ""47428.69999999966""], [""South"", ""2026-02"", ""418160.38999999897"", ""373000.0"", ""45160.389999998966""], [""West"", ""2026-02"", ""550382.3999999996"", ""520000.0"", ""30382.399999999558""], [""Midwest"", ""2026-01"", ""408527.54999999894"", ""348000.0"", ""60527.54999999894""], [""Northeast"", ""2026-01"", ""461761.0799999988"", ""442000.0"", ""19761.079999998794""], [""South"", ""2026-01"", ""398687.85000000056"", ""373000.0"", ""25687.85000000056""], [""West"", ""2026-01"", ""547019.0999999997"", ""520000.0"", ""27019.099999999744""], [""Midwest"", ""2025-12"", ""376539.06999999954"", ""348000.0"", ""28539.06999999954""], [""Northeast"", ""2025-12"", ""453130.96999999986"", ""442000.0"", ""11130.969999999856""], [""South"", ""2025-12"", ""370805.5999999999"", ""373000.0"", ""-2194.4000000000815""], [""West"", ""2025-12"", ""533623.2199999997"", ""520000.0"", ""13623.21999999974""], [""Midwest"", ""2025-11"", ""383225.07999999914"", ""348000.0"", ""35225.07999999914""], [""Northeast"", ""2025-11"", ""397122.0799999999"", ""442000.0"", ""-44877.9200000001""], [""South"", ""2025-11"", ""368736.4800000003"", ""373000.0"", ""-4263.519999999728""], [""West"", ""2025-11"", ""505611.18000000005"", ""520000.0"", ""-14388.819999999949""]]",25.6
A_tables_only,F1,F1-EN2,main,en,0,Are we on track to hit this month's revenue target?,COMPLETED,partial,"right detailed figures, but no answer at the requested level","[[""Midwest"", ""371538.01999999944"", ""348000.0"", ""true""], [""Northeast"", ""475866.96999999945"", ""442000.0"", ""true""], [""South"", ""397442.0699999996"", ""373000.0"", ""true""], [""West"", ""396873.78"", ""520000.0"", ""false""]]",25.5
A_tables_only,F1,F1-EN3,main,en,0,Revenue vs target this month?,COMPLETED,partial,"right detailed figures, but no answer at the requested level","[[""West"", ""2026-10"", ""396873.78"", ""520000.0"", ""-123126.21999999997""], [""Northeast"", ""2026-10"", ""475866.96999999945"", ""442000.0"", ""33866.96999999945""], [""Midwest"", ""2026-10"", ""371538.01999999944"", ""348000.0"", ""23538.019999999437""], [""South"", ""2026-10"", ""397442.0699999996"", ""373000.0"", ""24442.0699999996""]]",28.7
A_tables_only,F1,F1-EN4,main,en,0,Are we beating or missing plan this month?,COMPLETED,partial,"right detailed figures, but no answer at the requested level","[[""Midwest"", ""2026-10"", ""371538.01999999944"", ""348000.0"", ""Beating Plan""], [""Northeast"", ""2026-10"", ""475866.96999999945"", ""442000.0"", ""Beating Plan""], [""South"", ""2026-10"", ""397442.0699999996"", ""373000.0"", ""Beating Plan""], [""West"", ""2026-10"", ""396873.78"", ""520000.0"", ""Missing Plan""]]",22.4
A_tables_only,F1,F1-EN5,main,en,0,What's our percent to target for the current month?,COMPLETED,partial,"right detailed figures, but no answer at the requested level","[[""Midwest"", ""2026-10"", ""371538.01999999944"", ""348000.0"", ""106.76379885057455""], [""West"", ""2026-10"", ""396873.78"", ""520000.0"", ""76.32188076923077""], [""South"", ""2026-10"", ""397442.0699999996"", ""373000.0"", ""106.55283378016077""], [""Northeast"", ""2026-10"", ""475866.96999999945"", ""442000.0"", ""107.66221040723968""]]",22.4
A_tables_only,F1,F1-FR1,main,fr,0,Est-ce qu'on est en ligne avec l'objectif de CA ce mois-ci ?,COMPLETED,partial,"right detailed figures, but no answer at the requested level","[[""Northeast"", ""475866.96999999945"", ""442000.0"", ""true""], [""Midwest"", ""371538.01999999944"", ""348000.0"", ""true""], [""South"", ""397442.0699999996"", ""373000.0"", ""true""], [""West"", ""396873.78"", ""520000.0"", ""false""]]",19.3
A_tables_only,F1,F1-FR1,main,fr,1,Est-ce qu'on est en ligne avec l'objectif de CA ce mois-ci ?,COMPLETED,partial,"right detailed figures, but no answer at the requested level","[[""Northeast"", ""475866.96999999945"", ""442000.0"", ""true""], [""Midwest"", ""371538.01999999944"", ""348000.0"", ""true""], [""South"", ""397442.0699999996"", ""373000.0"", ""true""], [""West"", ""396873.78"", ""520000.0"", ""false""]]",19.4
A_tables_only,F1,F1-FR1,main,fr,2,Est-ce qu'on est en ligne avec l'objectif de CA ce mois-ci ?,COMPLETED,partial,"right detailed figures, but no answer at the requested level","[[""Midwest"", ""2026-10"", ""371538.01999999944"", ""348000.0"", ""true""], [""Northeast"", ""2026-10"", ""475866.96999999945"", ""442000.0"", ""true""], [""South"", ""2026-10"", ""397442.0699999996"", ""373000.0"", ""true""], [""West"", ""2026-10"", ""396873.78"", ""520000.0"", ""false""]]",22.4
A_tables_only,F1,F1-FR2,main,fr,0,Où en est le réalisé par rapport au budget ce mois-ci ?,COMPLETED,partial,"right detailed figures, but no answer at the requested level","[[""Midwest"", ""2026-10"", ""371538.01999999944"", ""348000.0"", ""23538.019999999437""], [""Northeast"", ""2026-10"", ""475866.96999999945"", ""442000.0"", ""33866.96999999945""], [""South"", ""2026-10"", ""397442.0699999996"", ""373000.0"", ""24442.0699999996""], [""West"", ""2026-10"", ""396873.78"", ""520000.0"", ""-123126.21999999997""]]",19.3
A_tables_only,F1,F1-FR3,main,fr,0,On atteint l'objectif de ventes du mois ?,COMPLETED,partial,"right detailed figures, but no answer at the requested level","[[""Midwest"", ""2026-10"", ""371538.01999999944"", ""348000.0"", ""true""], [""Northeast"", ""2026-10"", ""475866.96999999945"", ""442000.0"", ""true""], [""South"", ""2026-10"", ""397442.0699999996"", ""373000.0"", ""true""], [""West"", ""2026-10"", ""396873.78"", ""520000.0"", ""false""]]",19.3
A_tables_only,F1,F1-FR4,main,fr,0,Quel est notre taux d'atteinte de l'objectif ce mois-ci ?,COMPLETED,incorrect,expected values missing,"[[""0.04309023821772443""]]",19.4
A_tables_only,F1,F1-FR5,main,fr,0,CA du mois vs objectif ?,COMPLETED,partial,"right detailed figures, but no answer at the requested level","[[""Midwest"", ""2026-10"", ""371538.01999999944"", ""348000.0"", ""23538.019999999437""], [""Northeast"", ""2026-10"", ""475866.96999999945"", ""442000.0"", ""33866.96999999945""], [""South"", ""2026-10"", ""397442.0699999996"", ""373000.0"", ""24442.0699999996""], [""West"", ""2026-10"", ""396873.78"", ""520000.0"", ""-123126.21999999997""]]",25.5
A_tables_only,F2,F2-EN1,main,en,0,"Which regions are missing target this month, worst first?",COMPLETED,correct,identical set,"[[""West"", ""396873.78"", ""520000.0"", ""-123126.21999999997""]]",22.5
A_tables_only,F2,F2-EN1,main,en,1,"Which regions are missing target this month, worst first?",COMPLETED,correct,identical set,"[[""West"", ""396873.78"", ""520000.0"", ""-123126.21999999997""]]",19.3
A_tables_only,F2,F2-EN1,main,en,2,"Which regions are missing target this month, worst first?",COMPLETED,correct,identical set,"[[""West"", ""2026-10"", ""396873.78"", ""520000.0"", ""-123126.21999999997""]]",19.3
A_tables_only,F2,F2-EN2,main,en,0,Which regions are below their revenue target this month?,COMPLETED,correct,identical set,"[[""West"", ""396873.78"", ""520000.0""]]",19.3
A_tables_only,F2,F2-EN3,main,en,0,Where are we falling short of target this month?,COMPLETED,correct,identical set,"[[""West"", ""2026-10"", ""396873.78"", ""520000.0""]]",19.3
A_tables_only,F2,F2-EN4,main,en,0,List the regions that are off track vs plan this month.,COMPLETED,correct,identical set,"[[""West""]]",16.2
A_tables_only,F2,F2-EN5,main,en,0,Which regions haven't hit their monthly goal?,COMPLETED,incorrect,"extra labels: ['northeast', 'south']","[[""West"", ""2026-10"", ""396873.78"", ""520000.0""], [""West"", ""2026-08"", ""517935.1199999996"", ""520000.0""], [""West"", ""2026-06"", ""513084.81000000006"", ""520000.0""], [""Northeast"", ""2026-05"", ""422139.7499999989"", ""442000.0""], [""West"", ""2026-05"", ""497441.0299999994"", ""520000.0""], [""Northeast"", ""2026-04"", ""422129.0699999995"", ""442000.0""], [""South"", ""2025-12"", ""370805.5999999999"", ""373000.0""], [""Northeast"", ""2025-11"", ""397122.0799999999"", ""442000.0""], [""South"", ""2025-11"", ""368736.4800000003"", ""373000.0""], [""West"", ""2025-11"", ""505611.18000000005"", ""520000.0""]]",22.5
A_tables_only,F2,F2-FR1,main,fr,0,Quelles régions sont sous l'objectif ce mois-ci ?,COMPLETED,correct,identical set,"[[""West"", ""396873.78"", ""520000.0""]]",19.4
A_tables_only,F2,F2-FR1,main,fr,1,Quelles régions sont sous l'objectif ce mois-ci ?,COMPLETED,correct,identical set,"[[""West"", ""2026-10"", ""396873.78"", ""520000.0""]]",19.4
A_tables_only,F2,F2-FR1,main,fr,2,Quelles régions sont sous l'objectif ce mois-ci ?,COMPLETED,correct,identical set,"[[""West"", ""2026-10"", ""520000.0"", ""396873.78""]]",19.3
A_tables_only,F2,F2-FR2,main,fr,0,Quelles régions n'atteignent pas leur budget ce mois-ci ?,COMPLETED,correct,identical set,"[[""West"", ""2026-10"", ""396873.78"", ""520000.0""]]",19.3
A_tables_only,F2,F2-FR3,main,fr,0,Où est-ce qu'on est en retard sur l'objectif ce mois-ci ?,COMPLETED,correct,identical set,"[[""West"", ""396873.78"", ""520000.0"", ""-123126.21999999997""]]",19.3
A_tables_only,F2,F2-FR4,main,fr,0,Liste des régions en dessous du budget ce mois.,COMPLETED,correct,identical set,"[[""West""]]",25.5
A_tables_only,F2,F2-FR5,main,fr,0,Quelles régions décrochent par rapport à l'objectif ce mois-ci ?,COMPLETED,correct,identical set,"[[""West"", ""2026-10"", ""520000.0"", ""396873.78""]]",19.4
A_tables_only,F3,F3-EN1,main,en,0,What are our top 10 products by revenue this month?,COMPLETED,incorrect,"missing: ['summit ridge tent', 'trailhead action cam']; extra: ['northbound approach shoe', 'trailhead power bank']","[[""Aera Wireless Earbuds Pro"", ""155199.89999999994""], [""Summit 600 Down Jacket"", ""134936.8500000001""], [""Trailhead Headlamp"", ""123990.85999999999""], [""Cascade Storage Crate"", ""83245.26999999997""], [""Aera Insulated Vest"", ""76488.59000000001""], [""Summit Alpine Sleeping Bag"", ""75466.90000000001""], [""Aera Hiking Pants"", ""73173.33000000005""], [""Trailhead Power Bank"", ""61254.81999999996""], [""Aera Merino Tee"", ""55452.230000000025""], [""Northbound Approach Shoe"", ""53447.750000000095""]]",19.4
A_tables_only,F3,F3-EN1,main,en,1,What are our top 10 products by revenue this month?,COMPLETED,incorrect,"missing: ['summit ridge tent', 'trailhead action cam']; extra: ['northbound approach shoe', 'trailhead power bank']","[[""Aera Wireless Earbuds Pro"", ""155199.89999999994"", ""1""], [""Summit 600 Down Jacket"", ""134936.8500000001"", ""2""], [""Trailhead Headlamp"", ""123990.85999999999"", ""3""], [""Cascade Storage Crate"", ""83245.26999999997"", ""4""], [""Aera Insulated Vest"", ""76488.59000000001"", ""5""], [""Summit Alpine Sleeping Bag"", ""75466.90000000001"", ""6""], [""Aera Hiking Pants"", ""73173.33000000005"", ""7""], [""Trailhead Power Bank"", ""61254.81999999996"", ""8""], [""Aera Merino Tee"", ""55452.230000000025"", ""9""], [""Northbound Approach Shoe"", ""53447.750000000095"", ""10""]]",19.3
A_tables_only,F3,F3-EN1,main,en,2,What are our top 10 products by revenue this month?,COMPLETED,incorrect,"missing: ['summit ridge tent', 'trailhead action cam']; extra: ['northbound approach shoe', 'trailhead power bank']","[[""Aera Wireless Earbuds Pro"", ""155199.89999999994"", ""1""], [""Summit 600 Down Jacket"", ""134936.8500000001"", ""2""], [""Trailhead Headlamp"", ""123990.85999999999"", ""3""], [""Cascade Storage Crate"", ""83245.26999999997"", ""4""], [""Aera Insulated Vest"", ""76488.59000000001"", ""5""], [""Summit Alpine Sleeping Bag"", ""75466.90000000001"", ""6""], [""Aera Hiking Pants"", ""73173.33000000005"", ""7""], [""Trailhead Power Bank"", ""61254.81999999996"", ""8""], [""Aera Merino Tee"", ""55452.230000000025"", ""9""], [""Northbound Approach Shoe"", ""53447.750000000095"", ""10""]]",19.3
A_tables_only,F3,F3-EN2,main,en,0,Show me the 10 best-selling products this month by sales.,COMPLETED,correct,identical set,"[[""SKU-1009"", ""Aera Wireless Earbuds Pro"", ""155199.89999999994""], [""SKU-1042"", ""Summit 600 Down Jacket"", ""134936.8500000001""], [""SKU-1060"", ""Trailhead Headlamp"", ""83182.35000000005""], [""SKU-1018"", ""Aera Hiking Pants"", ""69861.60000000002""], [""SKU-1057"", ""Summit Alpine Sleeping Bag"", ""69168.63000000003""], [""SKU-1013"", ""Cascade Storage Crate"", ""58252.55000000006""], [""SKU-1050"", ""Aera Insulated Vest"", ""56271.05999999998""], [""SKU-1034"", ""Aera Merino Tee"", ""55452.230000000025""], [""SKU-1001"", ""Summit Ridge Tent"", ""46549.309999999954""], [""SKU-1028"", ""Trailhead Action Cam"", ""44028.89999999998""]]",22.5
A_tables_only,F3,F3-EN3,main,en,0,Top 10 SKUs by revenue this month,COMPLETED,correct,identical set,"[[""SKU-1009"", ""Aera Wireless Earbuds Pro"", ""155199.89999999994""], [""SKU-1042"", ""Summit 600 Down Jacket"", ""134936.8500000001""], [""SKU-1060"", ""Trailhead Headlamp"", ""83182.35000000005""], [""SKU-1018"", ""Aera Hiking Pants"", ""69861.60000000002""], [""SKU-1057"", ""Summit Alpine Sleeping Bag"", ""69168.63000000003""], [""SKU-1013"", ""Cascade Storage Crate"", ""58252.55000000006""], [""SKU-1050"", ""Aera Insulated Vest"", ""56271.05999999998""], [""SKU-1034"", ""Aera Merino Tee"", ""55452.230000000025""], [""SKU-1001"", ""Summit Ridge Tent"", ""46549.309999999954""], [""SKU-1028"", ""Trailhead Action Cam"", ""44028.89999999998""]]",19.3
A_tables_only,F3,F3-EN4,main,en,0,Which ten products brought in the most money this month?,COMPLETED,incorrect,"missing: ['summit ridge tent', 'trailhead action cam']; extra: ['northbound approach shoe', 'trailhead power bank']","[[""Aera Wireless Earbuds Pro"", ""155199.89999999994""], [""Summit 600 Down Jacket"", ""134936.8500000001""], [""Trailhead Headlamp"", ""123990.85999999999""], [""Cascade Storage Crate"", ""83245.26999999997""], [""Aera Insulated Vest"", ""76488.59000000001""], [""Summit Alpine Sleeping Bag"", ""75466.90000000001""], [""Aera Hiking Pants"", ""73173.33000000005""], [""Trailhead Power Bank"", ""61254.81999999996""], [""Aera Merino Tee"", ""55452.230000000025""], [""Northbound Approach Shoe"", ""53447.750000000095""]]",19.3
A_tables_only,F3,F3-EN5,main,en,0,"Best sellers this month, top 10 by revenue",COMPLETED,incorrect,"missing: ['summit ridge tent', 'trailhead action cam']; extra: ['northbound approach shoe', 'trailhead power bank']","[[""Aera Wireless Earbuds Pro"", ""155199.89999999994"", ""1""], [""Summit 600 Down Jacket"", ""134936.8500000001"", ""2""], [""Trailhead Headlamp"", ""123990.85999999999"", ""3""], [""Cascade Storage Crate"", ""83245.26999999997"", ""4""], [""Aera Insulated Vest"", ""76488.59000000001"", ""5""], [""Summit Alpine Sleeping Bag"", ""75466.90000000001"", ""6""], [""Aera Hiking Pants"", ""73173.33000000005"", ""7""], [""Trailhead Power Bank"", ""61254.81999999996"", ""8""], [""Aera Merino Tee"", ""55452.230000000025"", ""9""], [""Northbound Approach Shoe"", ""53447.750000000095"", ""10""]]",25.6
A_tables_only,F3,F3-FR1,main,fr,0,Quels sont nos 10 produits qui font le plus de CA ce mois-ci ?,COMPLETED,correct,identical set,"[[""SKU-1009"", ""Aera Wireless Earbuds Pro"", ""155199.89999999994""], [""SKU-1042"", ""Summit 600 Down Jacket"", ""134936.8500000001""], [""SKU-1060"", ""Trailhead Headlamp"", ""83182.35000000005""], [""SKU-1018"", ""Aera Hiking Pants"", ""69861.60000000002""], [""SKU-1057"", ""Summit Alpine Sleeping Bag"", ""69168.63000000003""], [""SKU-1013"", ""Cascade Storage Crate"", ""58252.55000000006""], [""SKU-1050"", ""Aera Insulated Vest"", ""56271.05999999998""], [""SKU-1034"", ""Aera Merino Tee"", ""55452.230000000025""], [""SKU-1001"", ""Summit Ridge Tent"", ""46549.309999999954""], [""SKU-1028"", ""Trailhead Action Cam"", ""44028.89999999998""]]",22.4
A_tables_only,F3,F3-FR1,main,fr,1,Quels sont nos 10 produits qui font le plus de CA ce mois-ci ?,COMPLETED,correct,identical set,"[[""SKU-1009"", ""Aera Wireless Earbuds Pro"", ""155199.89999999994""], [""SKU-1042"", ""Summit 600 Down Jacket"", ""134936.8500000001""], [""SKU-1060"", ""Trailhead Headlamp"", ""83182.35000000005""], [""SKU-1018"", ""Aera Hiking Pants"", ""69861.60000000002""], [""SKU-1057"", ""Summit Alpine Sleeping Bag"", ""69168.63000000003""], [""SKU-1013"", ""Cascade Storage Crate"", ""58252.55000000006""], [""SKU-1050"", ""Aera Insulated Vest"", ""56271.05999999998""], [""SKU-1034"", ""Aera Merino Tee"", ""55452.230000000025""], [""SKU-1001"", ""Summit Ridge Tent"", ""46549.309999999954""], [""SKU-1028"", ""Trailhead Action Cam"", ""44028.89999999998""]]",19.5
A_tables_only,F3,F3-FR1,main,fr,2,Quels sont nos 10 produits qui font le plus de CA ce mois-ci ?,COMPLETED,incorrect,"missing: ['summit ridge tent', 'trailhead action cam']; extra: ['northbound approach shoe', 'trailhead power bank']","[[""Aera Wireless Earbuds Pro"", ""155199.89999999994""], [""Summit 600 Down Jacket"", ""134936.8500000001""], [""Trailhead Headlamp"", ""123990.85999999999""], [""Cascade Storage Crate"", ""83245.26999999997""], [""Aera Insulated Vest"", ""76488.59000000001""], [""Summit Alpine Sleeping Bag"", ""75466.90000000001""], [""Aera Hiking Pants"", ""73173.33000000005""], [""Trailhead Power Bank"", ""61254.81999999996""], [""Aera Merino Tee"", ""55452.230000000025""], [""Northbound Approach Shoe"", ""53447.750000000095""]]",19.3
A_tables_only,F3,F3-FR2,main,fr,0,Top 10 des produits par chiffre d'affaires ce mois-ci,COMPLETED,incorrect,"missing: ['summit ridge tent', 'trailhead action cam']; extra: ['northbound approach shoe', 'trailhead power bank']","[[""Aera Wireless Earbuds Pro"", ""155199.89999999994""], [""Summit 600 Down Jacket"", ""134936.8500000001""], [""Trailhead Headlamp"", ""123990.85999999999""], [""Cascade Storage Crate"", ""83245.26999999997""], [""Aera Insulated Vest"", ""76488.59000000001""], [""Summit Alpine Sleeping Bag"", ""75466.90000000001""], [""Aera Hiking Pants"", ""73173.33000000005""], [""Trailhead Power Bank"", ""61254.81999999996""], [""Aera Merino Tee"", ""55452.230000000025""], [""Northbound Approach Shoe"", ""53447.750000000095""]]",19.3
A_tables_only,F3,F3-FR3,main,fr,0,Quelles sont les 10 meilleures ventes du mois en valeur ?,COMPLETED,incorrect,no expected label found,"[[""SL-00106400"", ""1496.76""], [""SL-00110241"", ""1496.76""], [""SL-00115274"", ""1496.76""], [""SL-00109936"", ""1323.68""], [""SL-00111848"", ""1323.68""], [""SL-00106913"", ""1272.25""], [""SL-00108987"", ""1215.48""], [""SL-00110689"", ""1215.48""], [""SL-00111637"", ""1215.48""], [""SL-00111678"", ""1215.48""]]",19.5
A_tables_only,F3,F3-FR4,main,fr,0,Classement des 10 produits qui rapportent le plus ce mois-ci,COMPLETED,incorrect,"missing: ['summit ridge tent', 'trailhead action cam']; extra: ['northbound approach shoe', 'trailhead power bank']","[[""Aera Wireless Earbuds Pro"", ""155199.89999999994"", ""1""], [""Summit 600 Down Jacket"", ""134936.8500000001"", ""2""], [""Trailhead Headlamp"", ""123990.85999999999"", ""3""], [""Cascade Storage Crate"", ""83245.26999999997"", ""4""], [""Aera Insulated Vest"", ""76488.59000000001"", ""5""], [""Summit Alpine Sleeping Bag"", ""75466.90000000001"", ""6""], [""Aera Hiking Pants"", ""73173.33000000005"", ""7""], [""Trailhead Power Bank"", ""61254.81999999996"", ""8""], [""Aera Merino Tee"", ""55452.230000000025"", ""9""], [""Northbound Approach Shoe"", ""53447.750000000095"", ""10""]]",19.4
A_tables_only,F3,F3-FR5,main,fr,0,Les 10 références qui génèrent le plus de chiffre ce mois ?,COMPLETED,correct,identical set,"[[""SKU-1009"", ""Aera Wireless Earbuds Pro"", ""155199.89999999994""], [""SKU-1042"", ""Summit 600 Down Jacket"", ""134936.8500000001""], [""SKU-1060"", ""Trailhead Headlamp"", ""83182.35000000005""], [""SKU-1018"", ""Aera Hiking Pants"", ""69861.60000000002""], [""SKU-1057"", ""Summit Alpine Sleeping Bag"", ""69168.63000000003""], [""SKU-1013"", ""Cascade Storage Crate"", ""58252.55000000006""], [""SKU-1050"", ""Aera Insulated Vest"", ""56271.05999999998""], [""SKU-1034"", ""Aera Merino Tee"", ""55452.230000000025""], [""SKU-1001"", ""Summit Ridge Tent"", ""46549.309999999954""], [""SKU-1028"", ""Trailhead Action Cam"", ""44028.89999999998""]]",19.3
A_tables_only,F4,F4-EN1,main,en,0,How did Online compare to Retail this month?,COMPLETED,correct,all pairs found,"[[""Retail"", ""1029716.1500000013""], [""Online"", ""612004.6899999998""]]",19.4
A_tables_only,F4,F4-EN1,main,en,1,How did Online compare to Retail this month?,COMPLETED,correct,all pairs found,"[[""Online"", ""612004.6899999998""], [""Retail"", ""1029716.1500000013""]]",16.2
A_tables_only,F4,F4-EN1,main,en,2,How did Online compare to Retail this month?,COMPLETED,correct,all pairs found,"[[""Retail"", ""1029716.1500000013""], [""Online"", ""612004.6899999998""]]",19.3
A_tables_only,F4,F4-EN2,main,en,0,Online vs in-store revenue this month?,COMPLETED,correct,all pairs found,"[[""Online"", ""612004.6899999998""], [""Retail"", ""1029716.1500000013""]]",16.2
A_tables_only,F4,F4-EN3,main,en,0,Split revenue by channel for this month,COMPLETED,correct,all pairs found,"[[""Online"", ""612004.6899999998""], [""Retail"", ""1029716.1500000013""]]",16.2
A_tables_only,F4,F4-EN4,main,en,0,How much did we sell online versus in stores this month?,COMPLETED,correct,all pairs found,"[[""Online"", ""612004.6899999998""], [""Retail"", ""1029716.1500000013""]]",19.3
A_tables_only,F4,F4-EN5,main,en,0,Break down this month's revenue between Online and Retail,COMPLETED,correct,all pairs found,"[[""Online"", ""612004.6899999998""], [""Retail"", ""1029716.1500000013""]]",16.2
A_tables_only,F4,F4-FR1,main,fr,0,Comment se compare le web aux magasins ce mois-ci ?,COMPLETED,correct,all pairs found,"[[""Retail"", ""1029716.1500000013""], [""Online"", ""612004.6899999998""]]",19.3
A_tables_only,F4,F4-FR1,main,fr,1,Comment se compare le web aux magasins ce mois-ci ?,COMPLETED,correct,all pairs found,"[[""Retail"", ""1029716.1500000013""], [""Online"", ""612004.6899999998""]]",16.2
A_tables_only,F4,F4-FR1,main,fr,2,Comment se compare le web aux magasins ce mois-ci ?,COMPLETED,correct,all pairs found,"[[""Retail"", ""1029716.1500000013""], [""Online"", ""612004.6899999998""]]",16.2
A_tables_only,F4,F4-FR2,main,fr,0,CA en ligne vs CA magasins ce mois-ci ?,COMPLETED,correct,all pairs found,"[[""Online"", ""612004.6899999998""], [""Retail"", ""1029716.1500000013""]]",13.1
A_tables_only,F4,F4-FR3,main,fr,0,Répartition du chiffre d'affaires par canal ce mois-ci,COMPLETED,correct,all pairs found,"[[""Retail"", ""1029716.1500000013""], [""Online"", ""612004.6899999998""]]",19.3
A_tables_only,F4,F4-FR4,main,fr,0,Combien on a vendu sur internet et en boutique ce mois-ci ?,COMPLETED,correct,all pairs found,"[[""Online"", ""612004.6899999998""], [""Retail"", ""1029716.1500000013""]]",22.4
A_tables_only,F4,F4-FR5,main,fr,0,Ventes du mois : digital contre physique ?,COMPLETED,correct,all pairs found,"[[""Online"", ""612004.6899999998""], [""Retail"", ""1029716.1500000013""]]",16.3
A_tables_only,F5,F5-HEN1,holdout,en,0,Total sales for the month before this one?,COMPLETED,correct,expected value 1756281.0 found,"[[""1756280.9899999981""]]",22.6
A_tables_only,F5,F5-HEN2,holdout,en,0,How did revenue land last month?,COMPLETED,correct,expected value 1756281.0 found,"[[""2026-09"", ""1756280.9899999981""]]",19.3
A_tables_only,F5,F5-HFR1,holdout,fr,0,On a fait combien de CA en M-1 ?,COMPLETED,correct,expected value 1756281.0 found,"[[""1756280.9899999981""]]",19.3
A_tables_only,F5,F5-HFR2,holdout,fr,0,Le CA réalisé le mois d'avant ?,COMPLETED,correct,expected value 1756281.0 found,"[[""2026-09"", ""1756280.9899999981""]]",16.3
A_tables_only,F5,F5-EN1,main,en,0,What was our total revenue last month?,COMPLETED,correct,expected value 1756281.0 found,"[[""1756280.9899999981""]]",25.9
A_tables_only,F5,F5-EN1,main,en,1,What was our total revenue last month?,COMPLETED,correct,expected value 1756281.0 found,"[[""1756280.9899999981""]]",16.2
A_tables_only,F5,F5-EN1,main,en,2,What was our total revenue last month?,COMPLETED,correct,expected value 1756281.0 found,"[[""1756280.9899999981""]]",16.3
A_tables_only,F5,F5-EN2,main,en,0,How much did we sell last month?,COMPLETED,correct,expected value 1756281.0 found,"[[""1756280.9899999981""]]",16.2
A_tables_only,F5,F5-EN3,main,en,0,Last month's net sales?,COMPLETED,correct,expected value 1756281.0 found,"[[""1756280.9899999981""]]",31.8
A_tables_only,F5,F5-EN4,main,en,0,Revenue for the previous month,COMPLETED,correct,expected value 1756281.0 found,"[[""1756280.9899999981""]]",16.2
A_tables_only,F5,F5-EN5,main,en,0,What did we do in sales in the prior month?,COMPLETED,correct,expected value 1756281.0 found,"[[""2026-09"", ""1756280.9899999981""]]",25.5
A_tables_only,F5,F5-FR1,main,fr,0,Quel a été notre chiffre d'affaires le mois dernier ?,COMPLETED,correct,expected value 1756281.0 found,"[[""1756280.9899999981""]]",16.2
A_tables_only,F5,F5-FR1,main,fr,1,Quel a été notre chiffre d'affaires le mois dernier ?,COMPLETED,correct,expected value 1756281.0 found,"[[""1756280.9899999981""]]",16.2
A_tables_only,F5,F5-FR1,main,fr,2,Quel a été notre chiffre d'affaires le mois dernier ?,COMPLETED,correct,expected value 1756281.0 found,"[[""1756280.9899999981""]]",16.2
A_tables_only,F5,F5-FR2,main,fr,0,Combien on a vendu le mois dernier ?,COMPLETED,correct,expected value 1756281.0 found,"[[""1756280.9899999981""]]",16.1
A_tables_only,F5,F5-FR3,main,fr,0,CA M-1 ?,COMPLETED,needs_review,57 rows instead of a single value,"[[""dim_product"", ""SKU-1005"", ""Cascade LED Lantern"", ""Home & Kitchen"", null, null, null, null], [""dim_product"", ""SKU-1013"", ""Cascade Storage Crate"", ""Home & Kitchen"", null, null, null, null], [""dim_product"", ""SKU-1016"", ""Outpost Trail Cap"", ""Accessories"", null, null, null, null], [""dim_product"", ""SKU-1021"", ""Cascade Insulated Bottle"", ""Home & Kitchen"", null, null, null, null], [""dim_product"", ""SKU-1023"", ""Drift Carry-On"", ""Travel & Bags"", null, null, null, null], [""dim_product"", ""SKU-1028"", ""Trailhead Action Cam"", ""Electronics"", null, null, null, null], [""dim_product"", ""SKU-1029"", ""Cascade Cast Pan"", ""Home & Kitchen"", null, null, null, null], [""dim_product"", ""SKU-1035"", ""Northbound Camp Slip-On"", ""Footwear"", null, null, null, null], [""dim_product"", ""SKU-1037"", ""Cascade Camp Mug"", ""Home & Kitchen"", null, null, null, null], [""dim_product"", ""SKU-1045"", ""Cascade LED Lantern"", ""Home & Kitchen"", null, null, null, null], [""dim_product"", ""SKU-1049"", ""Summit Camp Stove"", ""Outdoor & Camping"", null, null, null, null], [""dim_product"", ""SKU-1053"", ""Cascade Storage Crate"", ""Home & Kitchen"", null, null, null, null], [""dim_product"", ""SKU-1056"", ""Outpost Trail Cap"", ""Accessories"", null, null, null, null], [""dim_customer"", ""CUST-100009"", ""Lucas Brown"", null, ""Plus"", ""Northeast"", null, null], [""dim_customer"", ""CUST-100012"", ""Lucas Ali"", null, ""VIP"", ""Northeast"", null, null], [""dim_customer"", ""CUST-100016"", ""Lucas Martinez"", null, ""Standard"", ""South"", null, null], [""dim_customer"", ""CUST-100026"", ""Lucas Kim"", null, ""Standard"", ""Midwest"", null, null], [""dim_customer"", ""CUST-100035"", ""Carlos Hernandez"", null, ""Standard"", ""West"", null, null], [""dim_customer"", ""CUST-100052"", ""Carlos Jones"", null, ""VIP"", ""West"", null, null], [""dim_customer"", ""CUST-100054"", ""Carlos Brown"", null, ""Standard"", ""Northeast"", null, null], [""dim_customer"", ""CUST-100070"", ""Lucas Lee"", null, ""Plus"", ""West"", null, null], [""dim_customer"", ""CUST-100072"", ""Lucas Kim"", null, ""Standard"", ""Northeast"", null, null], [""dim_customer"", ""CUST-100089"", ""Lucas Reyes"", null, ""Standard"", ""Northeast"", null, null], [""dim_customer"", ""CUST-100094"", ""Carlos Kim"", null, ""Standard"", ""West"", null, null], [""dim_customer"", ""CUST-100104"", ""Carlos Johnson"", null, ""Standard"", ""Northeast"", null, null], [""dim_customer"", ""CUST-100112"", ""Lucas Davis"", null, ""VIP"", ""Midwest"", null, null], [""dim_customer"", ""CUST-100119"", ""Carlos Reyes"", null, ""Standard"", ""South"", null, null], [""dim_customer"", ""CUST-100120"", ""Carlos Hernandez"", null, ""VIP"", ""West"", null, null], [""dim_customer"", ""CUST-100124"", ""Carlos Ali"", null, ""Standard"", ""West"", null, null], [""dim_customer"", ""CUST-100155"", ""Carlos Brown"", null, ""VIP"", ""South"", null, null], [""dim_customer"", ""CUST-100169"", ""Lucas Murphy"", null, ""VIP"", ""Midwest"", null, null], [""dim_customer"", ""CUST-100177"", ""Carlos Johnson"", null, ""Standard"", ""Northeast"", null, null], [""dim_customer"", ""CUST-100212"", ""Lucas Lee"", null, ""VIP"", ""West"", null, null], [""dim_customer"", ""CUST-100225"", ""Lucas Bauer"", null, ""Standard"", ""South"", null, null], [""dim_customer"", ""CUST-100233"", ""Carlos Anderson"", null, ""Plus"", ""Northeast"", null, null], [""dim_customer"", ""CUST-100242"", ""Carlos Reyes"", null, ""Standard"", ""Midwest"", null, null], [""dim_customer"", ""CUST-100259"", ""Lucas Ali"", null, ""Plus"", ""South"", null, null], [""dim_customer"", ""CUST-100262"", ""Lucas Miller"", null, ""Plus"", ""Northeast"", null, null], [""dim_customer"", ""CUST-100263"", ""Carlos Patel"", null, ""Standard"", ""Midwest"", null, null], [""dim_customer"", ""CUST-100273"", ""Carlos Reyes"", null, ""Standard"", ""Midwest"", null, null], [""dim_customer"", ""CUST-100278"", ""Carlos Anderson"", null, ""Plus"", ""Midwest"", null, null], [""dim_customer"", ""CUST-100286"", ""Carlos Reyes"", null, ""VIP"", ""Northeast"", null, null], [""dim_customer"", ""CUST-100305"", ""Lucas Martinez"", null, ""Standard"", ""Northeast"", null, null], [""dim_customer"", ""CUST-100313"", ""Carlos Jones"", null, ""VIP"", ""West"", null, null], [""dim_customer"", ""CUST-100325"", ""Lucas Jones"", null, ""Standard"", ""Northeast"", null, null], [""dim_customer"", ""CUST-100336"", ""Lucas Gonzalez"", null, ""VIP"", ""Northeast"", null, null], [""dim_customer"", ""CUST-100341"", ""Lucas Thomas"", null, ""Standard"", ""West"", null, null], [""dim_customer"", ""CUST-100346"", ""Lucas Garcia"", null, ""Plus"", ""South"", null, null], [""dim_customer"", ""CUST-100359"", ""Lucas Lee"", null, ""VIP"", ""Midwest"", null, null], [""dim_customer"", ""CUST-100387"", ""Carlos Johnson"", null, ""Plus"", ""Midwest"", null, null], [""dim_customer"", ""CUST-100394"", ""Carlos Patel"", null, ""Standard"", ""West"", null, null], [""dim_customer"", ""CUST-100396"", ""Lucas Williams"", null, ""VIP"", ""West"", null, null], [""dim_customer"", ""CUST-100420"", ""Carlos Anderson"", null, ""Plus"", ""West"", null, null], [""dim_customer"", ""CUST-100443"", ""Carlos Anderson"", null, ""VIP"", ""Midwest"", null, null], [""dim_customer"", ""CUST-100476"", ""Carlos Hernandez"", null, ""Standard"", ""Northeast"", null, null], [""dim_customer"", ""CUST-100483"", ""Carlos Brown"", null, ""Standard"", ""South"", null, null], [""dim_store"", ""STR-06"", ""Chicago Flagship"", null, null, ""Midwest"", ""Retail"", ""Chicago""]]",25.6
A_tables_only,F5,F5-FR4,main,fr,0,Le CA du mois précédent ?,COMPLETED,correct,expected value 1756281.0 found,"[[""2026-09"", ""1756280.9899999981""]]",19.4
A_tables_only,F5,F5-FR5,main,fr,0,Quelles étaient nos ventes totales le mois passé ?,COMPLETED,correct,expected value 1756281.0 found,"[[""1756280.9899999981""]]",16.2
A_tables_only,F6,F6-EN1,main,en,0,Which region sold the most this month?,COMPLETED,correct,right label and right amount,"[[""Northeast"", ""475866.96999999945""]]",19.9
A_tables_only,F6,F6-EN1,main,en,1,Which region sold the most this month?,COMPLETED,correct,right label and right amount,"[[""Northeast"", ""475866.96999999945""]]",19.4
A_tables_only,F6,F6-EN1,main,en,2,Which region sold the most this month?,COMPLETED,correct,right label and right amount,"[[""Northeast"", ""475866.96999999945""]]",22.6
A_tables_only,F6,F6-EN2,main,en,0,What's our top region by revenue this month?,COMPLETED,correct,right label and right amount,"[[""Northeast"", ""475866.96999999945""]]",22.5
A_tables_only,F6,F6-EN3,main,en,0,Best performing region in sales this month?,COMPLETED,correct,right label and right amount,"[[""Northeast"", ""475866.96999999945""]]",22.4
A_tables_only,F6,F6-EN4,main,en,0,Where did we generate the most revenue this month?,COMPLETED,correct,right label and right amount,"[[""Northeast"", ""475866.96999999945""]]",19.3
A_tables_only,F6,F6-EN5,main,en,0,Which region leads in sales this month?,COMPLETED,correct,right label and right amount,"[[""Northeast"", ""475866.96999999945""]]",19.3
A_tables_only,F6,F6-FR1,main,fr,0,Quelle région a le plus vendu ce mois-ci ?,COMPLETED,correct,right label and right amount,"[[""Northeast"", ""475866.96999999945""]]",16.2
A_tables_only,F6,F6-FR1,main,fr,1,Quelle région a le plus vendu ce mois-ci ?,COMPLETED,correct,right label and right amount,"[[""Northeast"", ""475866.96999999945""]]",19.4
A_tables_only,F6,F6-FR1,main,fr,2,Quelle région a le plus vendu ce mois-ci ?,COMPLETED,correct,right label and right amount,"[[""Northeast"", ""475866.96999999945""]]",19.4
A_tables_only,F6,F6-FR2,main,fr,0,Quelle est notre meilleure région en CA ce mois-ci ?,COMPLETED,correct,right label and right amount,"[[""Northeast"", ""475866.96999999945"", ""1""]]",16.2
A_tables_only,F6,F6-FR3,main,fr,0,Où est-ce qu'on fait le plus de chiffre ce mois-ci ?,COMPLETED,correct,right label and right amount,"[[""Northeast"", ""475866.96999999945""]]",25.6
A_tables_only,F6,F6-FR4,main,fr,0,Région numéro un en ventes ce mois ?,COMPLETED,correct,right label and right amount,"[[""Northeast"", ""475866.96999999945""]]",22.5
A_tables_only,F6,F6-FR5,main,fr,0,Quelle région arrive en tête du chiffre d'affaires ce mois-ci ?,COMPLETED,correct,right label and right amount,"[[""Northeast"", ""475866.96999999945""]]",19.3
A_tables_only,F7,F7-EN1,main,en,0,What's the average order value by channel this month?,COMPLETED,correct,all pairs found,"[[""Online"", ""208.51948551959092""], [""Retail"", ""230.72286578534653""]]",19.3
A_tables_only,F7,F7-EN1,main,en,1,What's the average order value by channel this month?,COMPLETED,correct,all pairs found,"[[""Online"", ""208.51948551959092""], [""Retail"", ""230.72286578534653""]]",22.5
A_tables_only,F7,F7-EN1,main,en,2,What's the average order value by channel this month?,COMPLETED,correct,all pairs found,"[[""Online"", ""208.51948551959092""], [""Retail"", ""230.72286578534653""]]",16.3
A_tables_only,F7,F7-EN2,main,en,0,AOV for Online vs Retail this month?,COMPLETED,correct,all pairs found,"[[""Online"", ""208.51948551959092""], [""Retail"", ""230.72286578534653""]]",19.3
A_tables_only,F7,F7-EN3,main,en,0,Average basket size per channel this month,COMPLETED,incorrect,Online: expected 208.52; Retail: expected 230.72,"[[""Online"", ""1.9063032367972743""], [""Retail"", ""2.0824557472552095""]]",16.2
A_tables_only,F7,F7-EN4,main,en,0,How much does a typical order spend in each channel this month?,COMPLETED,correct,all pairs found,"[[""Retail"", ""230.7228657853465""], [""Online"", ""208.51948551959086""]]",241.2
A_tables_only,F7,F7-EN5,main,en,0,Average ticket by channel for the current month,COMPLETED,correct,all pairs found,"[[""Online"", ""208.51948551959092""], [""Retail"", ""230.72286578534653""]]",16.2
A_tables_only,F7,F7-FR1,main,fr,0,Quel est le panier moyen par canal ce mois-ci ?,COMPLETED,correct,all pairs found,"[[""Online"", ""208.51948551959092""], [""Retail"", ""230.72286578534653""]]",16.2
A_tables_only,F7,F7-FR1,main,fr,1,Quel est le panier moyen par canal ce mois-ci ?,COMPLETED,correct,all pairs found,"[[""Online"", ""208.51948551959092""], [""Retail"", ""230.72286578534653""]]",19.3
A_tables_only,F7,F7-FR1,main,fr,2,Quel est le panier moyen par canal ce mois-ci ?,COMPLETED,correct,all pairs found,"[[""Retail"", ""230.7228657853465""], [""Online"", ""208.51948551959086""]]",19.4
A_tables_only,F7,F7-FR2,main,fr,0,Panier moyen web vs magasin ce mois-ci ?,COMPLETED,correct,all pairs found,"[[""Retail"", ""230.7228657853465""], [""Online"", ""208.51948551959086""]]",16.2
A_tables_only,F7,F7-FR3,main,fr,0,"Combien dépense un client par commande, selon le canal, ce mois-ci ?",COMPLETED,correct,all pairs found,"[[""Online"", ""208.51948551959092""], [""Retail"", ""230.72286578534653""]]",19.3
A_tables_only,F7,F7-FR4,main,fr,0,Le ticket moyen par canal ce mois ?,COMPLETED,correct,all pairs found,"[[""Online"", ""208.51948551959092""], [""Retail"", ""230.72286578534653""]]",19.4
A_tables_only,F7,F7-FR5,main,fr,0,Montant moyen d'une commande en ligne et en magasin ce mois-ci ?,COMPLETED,correct,all pairs found,"[[""Retail"", ""230.7228657853465""], [""Online"", ""208.51948551959086""]]",19.3
A_tables_only,F8,F8-HEN1,holdout,en,0,"In the previous quarter, how much of our revenue was discounted, as a percentage?",COMPLETED,incorrect,"expected 53.6, got [7.101374773509353]","[[""7.101374773509353""]]",19.4
A_tables_only,F8,F8-HEN2,holdout,en,0,Promo share of sales for last quarter?,COMPLETED,incorrect,"expected 53.6, got [100.0]","[[""100.0""]]",16.2
A_tables_only,F8,F8-HFR1,holdout,fr,0,"Sur le trimestre précédent, quel % du CA a été fait en promo ?",COMPLETED,correct,expected value 53.6 found,"[[""53.618110331464266""]]",22.4
A_tables_only,F8,F8-HFR2,holdout,fr,0,Poids des ventes remisées dans le CA du dernier trimestre ?,COMPLETED,incorrect,"expected 53.6, got [864218.2700000007, 1641720.8400000136, 0.5264100015932024]","[[""864218.2700000007"", ""1641720.8400000136"", ""0.5264100015932024""]]",25.6
A_tables_only,F8,F8-EN1,main,en,0,What share of revenue came from discounted sales last quarter?,COMPLETED,incorrect,"expected 53.6, got [52.64100015932024]","[[""52.64100015932024""]]",25.6
A_tables_only,F8,F8-EN1,main,en,1,What share of revenue came from discounted sales last quarter?,COMPLETED,correct,expected value 53.6 found,"[[""53.618110331464266""]]",28.7
A_tables_only,F8,F8-EN1,main,en,2,What share of revenue came from discounted sales last quarter?,COMPLETED,incorrect,"expected 53.6, got [52.64100015932024]","[[""52.64100015932024""]]",22.5
A_tables_only,F8,F8-EN2,main,en,0,What percentage of last quarter's sales were on promotion?,COMPLETED,incorrect,"expected 53.6, got [52.64100015932024]","[[""52.64100015932024""]]",19.4
A_tables_only,F8,F8-EN3,main,en,0,"As a percent, how much of last quarter's revenue came from marked-down items?",COMPLETED,incorrect,"expected 53.6, got [52.64100015932024]","[[""52.64100015932024""]]",16.3
A_tables_only,F8,F8-EN4,main,en,0,"Discounted revenue as a % of total, previous quarter",COMPLETED,incorrect,"expected 53.6, got [7.590224048078673]","[[""7.590224048078673""]]",25.6
A_tables_only,F8,F8-EN5,main,en,0,"Last quarter, what portion of sales had a discount applied?",COMPLETED,incorrect,"expected 53.6, got [56.3447283991592]","[[""56.34472839915920""]]",16.3
A_tables_only,F8,F8-FR1,main,fr,0,Quelle part du CA a été réalisée avec une remise le trimestre dernier ?,COMPLETED,correct,expected value 53.6 found,"[[""53.61811033146467""]]",19.3
A_tables_only,F8,F8-FR1,main,fr,1,Quelle part du CA a été réalisée avec une remise le trimestre dernier ?,COMPLETED,correct,expected value 53.6 found,"[[""53.61811033146467""]]",19.3
A_tables_only,F8,F8-FR1,main,fr,2,Quelle part du CA a été réalisée avec une remise le trimestre dernier ?,COMPLETED,correct,expected value 53.6 found,"[[""53.61811033146468""]]",16.2
A_tables_only,F8,F8-FR2,main,fr,0,Quel pourcentage des ventes du trimestre précédent était en promo ?,COMPLETED,correct,expected value 53.6 found,"[[""53.61811033146467""]]",22.5
A_tables_only,F8,F8-FR3,main,fr,0,Part du chiffre d'affaires remisé sur le trimestre dernier ?,COMPLETED,incorrect,"expected 53.6, got [7.590224048078673]","[[""7.590224048078673""]]",19.3
A_tables_only,F8,F8-FR4,main,fr,0,"Combien de notre CA du trimestre passé vient de ventes avec réduction, en % ?",COMPLETED,incorrect,"expected 53.6, got [52.64100015932024]","[[""52.64100015932024""]]",19.4
A_tables_only,F8,F8-FR5,main,fr,0,Taux de CA promo le trimestre dernier ?,COMPLETED,correct,expected value 53.6 found,"[[""53.61811033146468""]]",19.4
B_configured,F1,F1-EN1,main,en,0,How are sales pacing against our monthly target?,COMPLETED,correct,"values ['company_actual_revenue', 'company_target'] found","[[""1641721.0"", ""1683000.0"", ""-41279.0"", ""97.5"", ""OFF TRACK""]]",19.4
B_configured,F1,F1-EN1,main,en,1,How are sales pacing against our monthly target?,COMPLETED,correct,"values ['company_actual_revenue', 'company_target'] found","[[""1641721.0"", ""1683000.0"", ""-41279.0"", ""97.5"", ""OFF TRACK""]]",16.2
B_configured,F1,F1-EN1,main,en,2,How are sales pacing against our monthly target?,COMPLETED,correct,"values ['company_actual_revenue', 'company_target'] found","[[""1641721.0"", ""1683000.0"", ""-41279.0"", ""97.5"", ""OFF TRACK""]]",19.3
B_configured,F1,F1-EN2,main,en,0,Are we on track to hit this month's revenue target?,COMPLETED,correct,"values ['company_actual_revenue', 'company_target'] found","[[""1641721.0"", ""1683000.0"", ""-41279.0"", ""97.5"", ""OFF TRACK""]]",22.4
B_configured,F1,F1-EN3,main,en,0,Revenue vs target this month?,COMPLETED,correct,"values ['company_actual_revenue', 'company_target'] found","[[""1641721.0"", ""1683000.0"", ""-41279.0"", ""97.5"", ""OFF TRACK""]]",22.4
B_configured,F1,F1-EN4,main,en,0,Are we beating or missing plan this month?,COMPLETED,correct,"values ['company_actual_revenue', 'company_target'] found","[[""1641721.0"", ""1683000.0"", ""-41279.0"", ""97.5"", ""OFF TRACK""]]",19.4
B_configured,F1,F1-EN5,main,en,0,What's our percent to target for the current month?,COMPLETED,correct,values ['pct_to_target'] found,"[[""97.5""]]",16.2
B_configured,F1,F1-FR1,main,fr,0,Est-ce qu'on est en ligne avec l'objectif de CA ce mois-ci ?,COMPLETED,correct,"values ['company_actual_revenue', 'company_target'] found","[[""1641721.0"", ""1683000.0"", ""-41279.0"", ""97.5"", ""OFF TRACK""]]",22.7
B_configured,F1,F1-FR1,main,fr,1,Est-ce qu'on est en ligne avec l'objectif de CA ce mois-ci ?,COMPLETED,correct,"values ['company_actual_revenue', 'company_target'] found","[[""1641721.0"", ""1683000.0"", ""-41279.0"", ""97.5"", ""OFF TRACK""]]",19.4
B_configured,F1,F1-FR1,main,fr,2,Est-ce qu'on est en ligne avec l'objectif de CA ce mois-ci ?,COMPLETED,correct,"values ['company_actual_revenue', 'company_target'] found","[[""1641721.0"", ""1683000.0"", ""-41279.0"", ""97.5"", ""OFF TRACK""]]",25.5
B_configured,F1,F1-FR2,main,fr,0,Où en est le réalisé par rapport au budget ce mois-ci ?,COMPLETED,correct,"values ['company_actual_revenue', 'company_target'] found","[[""1641721.0"", ""1683000.0"", ""-41279.0"", ""97.5"", ""OFF TRACK""]]",19.3
B_configured,F1,F1-FR3,main,fr,0,On atteint l'objectif de ventes du mois ?,COMPLETED,correct,"values ['company_actual_revenue', 'company_target'] found","[[""1641721.0"", ""1683000.0"", ""-41279.0"", ""97.5"", ""OFF TRACK""]]",19.4
B_configured,F1,F1-FR4,main,fr,0,Quel est notre taux d'atteinte de l'objectif ce mois-ci ?,COMPLETED,correct,values ['pct_to_target'] found,"[[""97.5""]]",19.3
B_configured,F1,F1-FR5,main,fr,0,CA du mois vs objectif ?,COMPLETED,correct,"values ['company_actual_revenue', 'company_target'] found","[[""1641721.0"", ""1683000.0"", ""-41279.0"", ""97.5"", ""OFF TRACK""]]",19.3
B_configured,F2,F2-EN1,main,en,0,"Which regions are missing target this month, worst first?",COMPLETED,correct,"complete list, extra labels are explicitly marked as on track","[[""West"", ""396874.0"", ""520000.0"", ""-123126.0"", ""76.3"", ""OFF TRACK""], [""South"", ""397442.0"", ""373000.0"", ""24442.0"", ""106.6"", ""ON TRACK""], [""Midwest"", ""371538.0"", ""348000.0"", ""23538.0"", ""106.8"", ""ON TRACK""], [""Northeast"", ""475867.0"", ""442000.0"", ""33867.0"", ""107.7"", ""ON TRACK""]]",19.4
B_configured,F2,F2-EN1,main,en,1,"Which regions are missing target this month, worst first?",COMPLETED,correct,"complete list, extra labels are explicitly marked as on track","[[""West"", ""396874.0"", ""520000.0"", ""-123126.0"", ""76.3"", ""OFF TRACK""], [""South"", ""397442.0"", ""373000.0"", ""24442.0"", ""106.6"", ""ON TRACK""], [""Midwest"", ""371538.0"", ""348000.0"", ""23538.0"", ""106.8"", ""ON TRACK""], [""Northeast"", ""475867.0"", ""442000.0"", ""33867.0"", ""107.7"", ""ON TRACK""]]",22.5
B_configured,F2,F2-EN1,main,en,2,"Which regions are missing target this month, worst first?",COMPLETED,correct,"complete list, extra labels are explicitly marked as on track","[[""West"", ""396874.0"", ""520000.0"", ""-123126.0"", ""76.3"", ""OFF TRACK""], [""South"", ""397442.0"", ""373000.0"", ""24442.0"", ""106.6"", ""ON TRACK""], [""Midwest"", ""371538.0"", ""348000.0"", ""23538.0"", ""106.8"", ""ON TRACK""], [""Northeast"", ""475867.0"", ""442000.0"", ""33867.0"", ""107.7"", ""ON TRACK""]]",22.5
B_configured,F2,F2-EN2,main,en,0,Which regions are below their revenue target this month?,COMPLETED,correct,identical set,"[[""West"", ""396874.0"", ""520000.0"", ""-123126.0"", ""76.3"", ""OFF TRACK""]]",25.6
B_configured,F2,F2-EN3,main,en,0,Where are we falling short of target this month?,COMPLETED,correct,identical set,"[[""West"", ""396874.0"", ""520000.0"", ""-123126.0"", ""76.3"", ""OFF TRACK""]]",22.4
B_configured,F2,F2-EN4,main,en,0,List the regions that are off track vs plan this month.,COMPLETED,correct,identical set,"[[""West"", ""396874.0"", ""520000.0"", ""-123126.0"", ""76.3"", ""OFF TRACK""]]",22.4
B_configured,F2,F2-EN5,main,en,0,Which regions haven't hit their monthly goal?,COMPLETED,correct,identical set,"[[""West"", ""396874.0"", ""520000.0"", ""-123126.0"", ""76.3"", ""OFF TRACK""]]",22.4
B_configured,F2,F2-FR1,main,fr,0,Quelles régions sont sous l'objectif ce mois-ci ?,COMPLETED,correct,identical set,"[[""West"", ""396874.0"", ""520000.0"", ""-123126.0"", ""76.3"", ""OFF TRACK""]]",25.6
B_configured,F2,F2-FR1,main,fr,1,Quelles régions sont sous l'objectif ce mois-ci ?,COMPLETED,correct,identical set,"[[""West"", ""396874.0"", ""520000.0"", ""-123126.0"", ""76.3"", ""OFF TRACK""]]",35.0
B_configured,F2,F2-FR1,main,fr,2,Quelles régions sont sous l'objectif ce mois-ci ?,COMPLETED,correct,identical set,"[[""West"", ""396874.0"", ""520000.0"", ""-123126.0"", ""76.3"", ""OFF TRACK""]]",25.5
B_configured,F2,F2-FR2,main,fr,0,Quelles régions n'atteignent pas leur budget ce mois-ci ?,COMPLETED,correct,"complete list, extra labels are explicitly marked as on track","[[""West"", ""396874.0"", ""520000.0"", ""-123126.0"", ""76.3"", ""OFF TRACK""], [""South"", ""397442.0"", ""373000.0"", ""24442.0"", ""106.6"", ""ON TRACK""], [""Midwest"", ""371538.0"", ""348000.0"", ""23538.0"", ""106.8"", ""ON TRACK""], [""Northeast"", ""475867.0"", ""442000.0"", ""33867.0"", ""107.7"", ""ON TRACK""]]",25.5
B_configured,F2,F2-FR3,main,fr,0,Où est-ce qu'on est en retard sur l'objectif ce mois-ci ?,COMPLETED,correct,identical set,"[[""West"", ""396874.0"", ""520000.0"", ""-123126.0"", ""76.3"", ""OFF TRACK""]]",28.7
B_configured,F2,F2-FR4,main,fr,0,Liste des régions en dessous du budget ce mois.,COMPLETED,correct,identical set,"[[""West"", ""396874.0"", ""520000.0"", ""-123126.0"", ""76.3"", ""OFF TRACK""]]",25.6
B_configured,F2,F2-FR5,main,fr,0,Quelles régions décrochent par rapport à l'objectif ce mois-ci ?,COMPLETED,correct,"complete list, extra labels are explicitly marked as on track","[[""West"", ""396874.0"", ""520000.0"", ""-123126.0"", ""76.3"", ""OFF TRACK""], [""South"", ""397442.0"", ""373000.0"", ""24442.0"", ""106.6"", ""ON TRACK""], [""Midwest"", ""371538.0"", ""348000.0"", ""23538.0"", ""106.8"", ""ON TRACK""], [""Northeast"", ""475867.0"", ""442000.0"", ""33867.0"", ""107.7"", ""ON TRACK""]]",25.6
B_configured,F3,F3-EN1,main,en,0,What are our top 10 products by revenue this month?,COMPLETED,correct,identical set,"[[""SKU-1009"", ""Aera Wireless Earbuds Pro"", ""Electronics"", ""155200.0"", ""1296"", ""105952.0""], [""SKU-1042"", ""Summit 600 Down Jacket"", ""Apparel"", ""134937.0"", ""670"", ""73297.0""], [""SKU-1060"", ""Trailhead Headlamp"", ""Electronics"", ""83182.0"", ""239"", ""39493.0""], [""SKU-1018"", ""Aera Hiking Pants"", ""Apparel"", ""69862.0"", ""373"", ""30029.0""], [""SKU-1057"", ""Summit Alpine Sleeping Bag"", ""Outdoor & Camping"", ""69169.0"", ""362"", ""32223.0""], [""SKU-1013"", ""Cascade Storage Crate"", ""Home & Kitchen"", ""58253.0"", ""321"", ""24310.0""], [""SKU-1050"", ""Aera Insulated Vest"", ""Apparel"", ""56271.0"", ""277"", ""25023.0""], [""SKU-1034"", ""Aera Merino Tee"", ""Apparel"", ""55452.0"", ""339"", ""26898.0""], [""SKU-1001"", ""Summit Ridge Tent"", ""Outdoor & Camping"", ""46549.0"", ""357"", ""17986.0""], [""SKU-1028"", ""Trailhead Action Cam"", ""Electronics"", ""44029.0"", ""142"", ""19531.0""]]",13.1
B_configured,F3,F3-EN1,main,en,1,What are our top 10 products by revenue this month?,COMPLETED,correct,identical set,"[[""SKU-1009"", ""Aera Wireless Earbuds Pro"", ""Electronics"", ""155200.0"", ""1296"", ""105952.0""], [""SKU-1042"", ""Summit 600 Down Jacket"", ""Apparel"", ""134937.0"", ""670"", ""73297.0""], [""SKU-1060"", ""Trailhead Headlamp"", ""Electronics"", ""83182.0"", ""239"", ""39493.0""], [""SKU-1018"", ""Aera Hiking Pants"", ""Apparel"", ""69862.0"", ""373"", ""30029.0""], [""SKU-1057"", ""Summit Alpine Sleeping Bag"", ""Outdoor & Camping"", ""69169.0"", ""362"", ""32223.0""], [""SKU-1013"", ""Cascade Storage Crate"", ""Home & Kitchen"", ""58253.0"", ""321"", ""24310.0""], [""SKU-1050"", ""Aera Insulated Vest"", ""Apparel"", ""56271.0"", ""277"", ""25023.0""], [""SKU-1034"", ""Aera Merino Tee"", ""Apparel"", ""55452.0"", ""339"", ""26898.0""], [""SKU-1001"", ""Summit Ridge Tent"", ""Outdoor & Camping"", ""46549.0"", ""357"", ""17986.0""], [""SKU-1028"", ""Trailhead Action Cam"", ""Electronics"", ""44029.0"", ""142"", ""19531.0""]]",16.2
B_configured,F3,F3-EN1,main,en,2,What are our top 10 products by revenue this month?,COMPLETED,correct,identical set,"[[""SKU-1009"", ""Aera Wireless Earbuds Pro"", ""Electronics"", ""155200.0"", ""1296"", ""105952.0""], [""SKU-1042"", ""Summit 600 Down Jacket"", ""Apparel"", ""134937.0"", ""670"", ""73297.0""], [""SKU-1060"", ""Trailhead Headlamp"", ""Electronics"", ""83182.0"", ""239"", ""39493.0""], [""SKU-1018"", ""Aera Hiking Pants"", ""Apparel"", ""69862.0"", ""373"", ""30029.0""], [""SKU-1057"", ""Summit Alpine Sleeping Bag"", ""Outdoor & Camping"", ""69169.0"", ""362"", ""32223.0""], [""SKU-1013"", ""Cascade Storage Crate"", ""Home & Kitchen"", ""58253.0"", ""321"", ""24310.0""], [""SKU-1050"", ""Aera Insulated Vest"", ""Apparel"", ""56271.0"", ""277"", ""25023.0""], [""SKU-1034"", ""Aera Merino Tee"", ""Apparel"", ""55452.0"", ""339"", ""26898.0""], [""SKU-1001"", ""Summit Ridge Tent"", ""Outdoor & Camping"", ""46549.0"", ""357"", ""17986.0""], [""SKU-1028"", ""Trailhead Action Cam"", ""Electronics"", ""44029.0"", ""142"", ""19531.0""]]",13.1
B_configured,F3,F3-EN2,main,en,0,Show me the 10 best-selling products this month by sales.,COMPLETED,correct,identical set,"[[""SKU-1009"", ""Aera Wireless Earbuds Pro"", ""Electronics"", ""155200.0"", ""1296"", ""105952.0""], [""SKU-1042"", ""Summit 600 Down Jacket"", ""Apparel"", ""134937.0"", ""670"", ""73297.0""], [""SKU-1060"", ""Trailhead Headlamp"", ""Electronics"", ""83182.0"", ""239"", ""39493.0""], [""SKU-1018"", ""Aera Hiking Pants"", ""Apparel"", ""69862.0"", ""373"", ""30029.0""], [""SKU-1057"", ""Summit Alpine Sleeping Bag"", ""Outdoor & Camping"", ""69169.0"", ""362"", ""32223.0""], [""SKU-1013"", ""Cascade Storage Crate"", ""Home & Kitchen"", ""58253.0"", ""321"", ""24310.0""], [""SKU-1050"", ""Aera Insulated Vest"", ""Apparel"", ""56271.0"", ""277"", ""25023.0""], [""SKU-1034"", ""Aera Merino Tee"", ""Apparel"", ""55452.0"", ""339"", ""26898.0""], [""SKU-1001"", ""Summit Ridge Tent"", ""Outdoor & Camping"", ""46549.0"", ""357"", ""17986.0""], [""SKU-1028"", ""Trailhead Action Cam"", ""Electronics"", ""44029.0"", ""142"", ""19531.0""]]",19.4
B_configured,F3,F3-EN3,main,en,0,Top 10 SKUs by revenue this month,COMPLETED,correct,identical set,"[[""SKU-1009"", ""Aera Wireless Earbuds Pro"", ""Electronics"", ""155200.0"", ""1296"", ""105952.0""], [""SKU-1042"", ""Summit 600 Down Jacket"", ""Apparel"", ""134937.0"", ""670"", ""73297.0""], [""SKU-1060"", ""Trailhead Headlamp"", ""Electronics"", ""83182.0"", ""239"", ""39493.0""], [""SKU-1018"", ""Aera Hiking Pants"", ""Apparel"", ""69862.0"", ""373"", ""30029.0""], [""SKU-1057"", ""Summit Alpine Sleeping Bag"", ""Outdoor & Camping"", ""69169.0"", ""362"", ""32223.0""], [""SKU-1013"", ""Cascade Storage Crate"", ""Home & Kitchen"", ""58253.0"", ""321"", ""24310.0""], [""SKU-1050"", ""Aera Insulated Vest"", ""Apparel"", ""56271.0"", ""277"", ""25023.0""], [""SKU-1034"", ""Aera Merino Tee"", ""Apparel"", ""55452.0"", ""339"", ""26898.0""], [""SKU-1001"", ""Summit Ridge Tent"", ""Outdoor & Camping"", ""46549.0"", ""357"", ""17986.0""], [""SKU-1028"", ""Trailhead Action Cam"", ""Electronics"", ""44029.0"", ""142"", ""19531.0""]]",19.3
B_configured,F3,F3-EN4,main,en,0,Which ten products brought in the most money this month?,COMPLETED,correct,identical set,"[[""SKU-1009"", ""Aera Wireless Earbuds Pro"", ""Electronics"", ""155200.0"", ""1296"", ""105952.0""], [""SKU-1042"", ""Summit 600 Down Jacket"", ""Apparel"", ""134937.0"", ""670"", ""73297.0""], [""SKU-1060"", ""Trailhead Headlamp"", ""Electronics"", ""83182.0"", ""239"", ""39493.0""], [""SKU-1018"", ""Aera Hiking Pants"", ""Apparel"", ""69862.0"", ""373"", ""30029.0""], [""SKU-1057"", ""Summit Alpine Sleeping Bag"", ""Outdoor & Camping"", ""69169.0"", ""362"", ""32223.0""], [""SKU-1013"", ""Cascade Storage Crate"", ""Home & Kitchen"", ""58253.0"", ""321"", ""24310.0""], [""SKU-1050"", ""Aera Insulated Vest"", ""Apparel"", ""56271.0"", ""277"", ""25023.0""], [""SKU-1034"", ""Aera Merino Tee"", ""Apparel"", ""55452.0"", ""339"", ""26898.0""], [""SKU-1001"", ""Summit Ridge Tent"", ""Outdoor & Camping"", ""46549.0"", ""357"", ""17986.0""], [""SKU-1028"", ""Trailhead Action Cam"", ""Electronics"", ""44029.0"", ""142"", ""19531.0""]]",16.2
B_configured,F3,F3-EN5,main,en,0,"Best sellers this month, top 10 by revenue",COMPLETED,correct,identical set,"[[""SKU-1009"", ""Aera Wireless Earbuds Pro"", ""Electronics"", ""155200.0"", ""1296"", ""105952.0""], [""SKU-1042"", ""Summit 600 Down Jacket"", ""Apparel"", ""134937.0"", ""670"", ""73297.0""], [""SKU-1060"", ""Trailhead Headlamp"", ""Electronics"", ""83182.0"", ""239"", ""39493.0""], [""SKU-1018"", ""Aera Hiking Pants"", ""Apparel"", ""69862.0"", ""373"", ""30029.0""], [""SKU-1057"", ""Summit Alpine Sleeping Bag"", ""Outdoor & Camping"", ""69169.0"", ""362"", ""32223.0""], [""SKU-1013"", ""Cascade Storage Crate"", ""Home & Kitchen"", ""58253.0"", ""321"", ""24310.0""], [""SKU-1050"", ""Aera Insulated Vest"", ""Apparel"", ""56271.0"", ""277"", ""25023.0""], [""SKU-1034"", ""Aera Merino Tee"", ""Apparel"", ""55452.0"", ""339"", ""26898.0""], [""SKU-1001"", ""Summit Ridge Tent"", ""Outdoor & Camping"", ""46549.0"", ""357"", ""17986.0""], [""SKU-1028"", ""Trailhead Action Cam"", ""Electronics"", ""44029.0"", ""142"", ""19531.0""]]",16.2
B_configured,F3,F3-FR1,main,fr,0,Quels sont nos 10 produits qui font le plus de CA ce mois-ci ?,COMPLETED,correct,identical set,"[[""SKU-1009"", ""Aera Wireless Earbuds Pro"", ""Electronics"", ""155200.0"", ""1296"", ""105952.0""], [""SKU-1042"", ""Summit 600 Down Jacket"", ""Apparel"", ""134937.0"", ""670"", ""73297.0""], [""SKU-1060"", ""Trailhead Headlamp"", ""Electronics"", ""83182.0"", ""239"", ""39493.0""], [""SKU-1018"", ""Aera Hiking Pants"", ""Apparel"", ""69862.0"", ""373"", ""30029.0""], [""SKU-1057"", ""Summit Alpine Sleeping Bag"", ""Outdoor & Camping"", ""69169.0"", ""362"", ""32223.0""], [""SKU-1013"", ""Cascade Storage Crate"", ""Home & Kitchen"", ""58253.0"", ""321"", ""24310.0""], [""SKU-1050"", ""Aera Insulated Vest"", ""Apparel"", ""56271.0"", ""277"", ""25023.0""], [""SKU-1034"", ""Aera Merino Tee"", ""Apparel"", ""55452.0"", ""339"", ""26898.0""], [""SKU-1001"", ""Summit Ridge Tent"", ""Outdoor & Camping"", ""46549.0"", ""357"", ""17986.0""], [""SKU-1028"", ""Trailhead Action Cam"", ""Electronics"", ""44029.0"", ""142"", ""19531.0""]]",16.2
B_configured,F3,F3-FR1,main,fr,1,Quels sont nos 10 produits qui font le plus de CA ce mois-ci ?,COMPLETED,correct,identical set,"[[""SKU-1009"", ""Aera Wireless Earbuds Pro"", ""Electronics"", ""155200.0"", ""1296"", ""105952.0""], [""SKU-1042"", ""Summit 600 Down Jacket"", ""Apparel"", ""134937.0"", ""670"", ""73297.0""], [""SKU-1060"", ""Trailhead Headlamp"", ""Electronics"", ""83182.0"", ""239"", ""39493.0""], [""SKU-1018"", ""Aera Hiking Pants"", ""Apparel"", ""69862.0"", ""373"", ""30029.0""], [""SKU-1057"", ""Summit Alpine Sleeping Bag"", ""Outdoor & Camping"", ""69169.0"", ""362"", ""32223.0""], [""SKU-1013"", ""Cascade Storage Crate"", ""Home & Kitchen"", ""58253.0"", ""321"", ""24310.0""], [""SKU-1050"", ""Aera Insulated Vest"", ""Apparel"", ""56271.0"", ""277"", ""25023.0""], [""SKU-1034"", ""Aera Merino Tee"", ""Apparel"", ""55452.0"", ""339"", ""26898.0""], [""SKU-1001"", ""Summit Ridge Tent"", ""Outdoor & Camping"", ""46549.0"", ""357"", ""17986.0""], [""SKU-1028"", ""Trailhead Action Cam"", ""Electronics"", ""44029.0"", ""142"", ""19531.0""]]",16.2
B_configured,F3,F3-FR1,main,fr,2,Quels sont nos 10 produits qui font le plus de CA ce mois-ci ?,COMPLETED,correct,identical set,"[[""SKU-1009"", ""Aera Wireless Earbuds Pro"", ""Electronics"", ""155200.0"", ""1296"", ""105952.0""], [""SKU-1042"", ""Summit 600 Down Jacket"", ""Apparel"", ""134937.0"", ""670"", ""73297.0""], [""SKU-1060"", ""Trailhead Headlamp"", ""Electronics"", ""83182.0"", ""239"", ""39493.0""], [""SKU-1018"", ""Aera Hiking Pants"", ""Apparel"", ""69862.0"", ""373"", ""30029.0""], [""SKU-1057"", ""Summit Alpine Sleeping Bag"", ""Outdoor & Camping"", ""69169.0"", ""362"", ""32223.0""], [""SKU-1013"", ""Cascade Storage Crate"", ""Home & Kitchen"", ""58253.0"", ""321"", ""24310.0""], [""SKU-1050"", ""Aera Insulated Vest"", ""Apparel"", ""56271.0"", ""277"", ""25023.0""], [""SKU-1034"", ""Aera Merino Tee"", ""Apparel"", ""55452.0"", ""339"", ""26898.0""], [""SKU-1001"", ""Summit Ridge Tent"", ""Outdoor & Camping"", ""46549.0"", ""357"", ""17986.0""], [""SKU-1028"", ""Trailhead Action Cam"", ""Electronics"", ""44029.0"", ""142"", ""19531.0""]]",16.2
B_configured,F3,F3-FR2,main,fr,0,Top 10 des produits par chiffre d'affaires ce mois-ci,COMPLETED,correct,identical set,"[[""SKU-1009"", ""Aera Wireless Earbuds Pro"", ""Electronics"", ""155200.0"", ""1296"", ""105952.0""], [""SKU-1042"", ""Summit 600 Down Jacket"", ""Apparel"", ""134937.0"", ""670"", ""73297.0""], [""SKU-1060"", ""Trailhead Headlamp"", ""Electronics"", ""83182.0"", ""239"", ""39493.0""], [""SKU-1018"", ""Aera Hiking Pants"", ""Apparel"", ""69862.0"", ""373"", ""30029.0""], [""SKU-1057"", ""Summit Alpine Sleeping Bag"", ""Outdoor & Camping"", ""69169.0"", ""362"", ""32223.0""], [""SKU-1013"", ""Cascade Storage Crate"", ""Home & Kitchen"", ""58253.0"", ""321"", ""24310.0""], [""SKU-1050"", ""Aera Insulated Vest"", ""Apparel"", ""56271.0"", ""277"", ""25023.0""], [""SKU-1034"", ""Aera Merino Tee"", ""Apparel"", ""55452.0"", ""339"", ""26898.0""], [""SKU-1001"", ""Summit Ridge Tent"", ""Outdoor & Camping"", ""46549.0"", ""357"", ""17986.0""], [""SKU-1028"", ""Trailhead Action Cam"", ""Electronics"", ""44029.0"", ""142"", ""19531.0""]]",19.3
B_configured,F3,F3-FR3,main,fr,0,Quelles sont les 10 meilleures ventes du mois en valeur ?,COMPLETED,correct,identical set,"[[""SKU-1009"", ""Aera Wireless Earbuds Pro"", ""Electronics"", ""155200.0"", ""1296"", ""105952.0""], [""SKU-1042"", ""Summit 600 Down Jacket"", ""Apparel"", ""134937.0"", ""670"", ""73297.0""], [""SKU-1060"", ""Trailhead Headlamp"", ""Electronics"", ""83182.0"", ""239"", ""39493.0""], [""SKU-1018"", ""Aera Hiking Pants"", ""Apparel"", ""69862.0"", ""373"", ""30029.0""], [""SKU-1057"", ""Summit Alpine Sleeping Bag"", ""Outdoor & Camping"", ""69169.0"", ""362"", ""32223.0""], [""SKU-1013"", ""Cascade Storage Crate"", ""Home & Kitchen"", ""58253.0"", ""321"", ""24310.0""], [""SKU-1050"", ""Aera Insulated Vest"", ""Apparel"", ""56271.0"", ""277"", ""25023.0""], [""SKU-1034"", ""Aera Merino Tee"", ""Apparel"", ""55452.0"", ""339"", ""26898.0""], [""SKU-1001"", ""Summit Ridge Tent"", ""Outdoor & Camping"", ""46549.0"", ""357"", ""17986.0""], [""SKU-1028"", ""Trailhead Action Cam"", ""Electronics"", ""44029.0"", ""142"", ""19531.0""]]",13.1
B_configured,F3,F3-FR4,main,fr,0,Classement des 10 produits qui rapportent le plus ce mois-ci,COMPLETED,correct,identical set,"[[""SKU-1009"", ""Aera Wireless Earbuds Pro"", ""Electronics"", ""155200.0"", ""1296"", ""105952.0""], [""SKU-1042"", ""Summit 600 Down Jacket"", ""Apparel"", ""134937.0"", ""670"", ""73297.0""], [""SKU-1060"", ""Trailhead Headlamp"", ""Electronics"", ""83182.0"", ""239"", ""39493.0""], [""SKU-1018"", ""Aera Hiking Pants"", ""Apparel"", ""69862.0"", ""373"", ""30029.0""], [""SKU-1057"", ""Summit Alpine Sleeping Bag"", ""Outdoor & Camping"", ""69169.0"", ""362"", ""32223.0""], [""SKU-1013"", ""Cascade Storage Crate"", ""Home & Kitchen"", ""58253.0"", ""321"", ""24310.0""], [""SKU-1050"", ""Aera Insulated Vest"", ""Apparel"", ""56271.0"", ""277"", ""25023.0""], [""SKU-1034"", ""Aera Merino Tee"", ""Apparel"", ""55452.0"", ""339"", ""26898.0""], [""SKU-1001"", ""Summit Ridge Tent"", ""Outdoor & Camping"", ""46549.0"", ""357"", ""17986.0""], [""SKU-1028"", ""Trailhead Action Cam"", ""Electronics"", ""44029.0"", ""142"", ""19531.0""]]",16.2
B_configured,F3,F3-FR5,main,fr,0,Les 10 références qui génèrent le plus de chiffre ce mois ?,COMPLETED,correct,identical set,"[[""SKU-1009"", ""Aera Wireless Earbuds Pro"", ""Electronics"", ""155200.0"", ""1296"", ""105952.0""], [""SKU-1042"", ""Summit 600 Down Jacket"", ""Apparel"", ""134937.0"", ""670"", ""73297.0""], [""SKU-1060"", ""Trailhead Headlamp"", ""Electronics"", ""83182.0"", ""239"", ""39493.0""], [""SKU-1018"", ""Aera Hiking Pants"", ""Apparel"", ""69862.0"", ""373"", ""30029.0""], [""SKU-1057"", ""Summit Alpine Sleeping Bag"", ""Outdoor & Camping"", ""69169.0"", ""362"", ""32223.0""], [""SKU-1013"", ""Cascade Storage Crate"", ""Home & Kitchen"", ""58253.0"", ""321"", ""24310.0""], [""SKU-1050"", ""Aera Insulated Vest"", ""Apparel"", ""56271.0"", ""277"", ""25023.0""], [""SKU-1034"", ""Aera Merino Tee"", ""Apparel"", ""55452.0"", ""339"", ""26898.0""], [""SKU-1001"", ""Summit Ridge Tent"", ""Outdoor & Camping"", ""46549.0"", ""357"", ""17986.0""], [""SKU-1028"", ""Trailhead Action Cam"", ""Electronics"", ""44029.0"", ""142"", ""19531.0""]]",16.2
B_configured,F4,F4-EN1,main,en,0,How did Online compare to Retail this month?,COMPLETED,correct,all pairs found,"[[""Retail"", ""1029716.0"", ""9294"", ""230.72"", ""48.8""], [""Online"", ""612005.0"", ""5595"", ""208.52"", ""48.6""]]",19.4
B_configured,F4,F4-EN1,main,en,1,How did Online compare to Retail this month?,COMPLETED,correct,all pairs found,"[[""Retail"", ""1029716.0"", ""9294"", ""230.72"", ""48.8""], [""Online"", ""612005.0"", ""5595"", ""208.52"", ""48.6""]]",16.3
B_configured,F4,F4-EN1,main,en,2,How did Online compare to Retail this month?,COMPLETED,correct,all pairs found,"[[""Retail"", ""1029716.0"", ""9294"", ""230.72"", ""48.8""], [""Online"", ""612005.0"", ""5595"", ""208.52"", ""48.6""]]",19.3
B_configured,F4,F4-EN2,main,en,0,Online vs in-store revenue this month?,COMPLETED,correct,all pairs found,"[[""Retail"", ""1029716.0""], [""Online"", ""612005.0""]]",16.3
B_configured,F4,F4-EN3,main,en,0,Split revenue by channel for this month,COMPLETED,correct,all pairs found,"[[""Retail"", ""1029716.0""], [""Online"", ""612005.0""]]",19.3
B_configured,F4,F4-EN4,main,en,0,How much did we sell online versus in stores this month?,COMPLETED,correct,all pairs found,"[[""Retail"", ""1029716.0"", ""9294"", ""230.72"", ""48.8""], [""Online"", ""612005.0"", ""5595"", ""208.52"", ""48.6""]]",22.4
B_configured,F4,F4-EN5,main,en,0,Break down this month's revenue between Online and Retail,COMPLETED,correct,all pairs found,"[[""Retail"", ""1029716.0""], [""Online"", ""612005.0""]]",19.3
B_configured,F4,F4-FR1,main,fr,0,Comment se compare le web aux magasins ce mois-ci ?,COMPLETED,correct,all pairs found,"[[""Retail"", ""1029716.0"", ""9294"", ""230.72"", ""48.8""], [""Online"", ""612005.0"", ""5595"", ""208.52"", ""48.6""]]",19.3
B_configured,F4,F4-FR1,main,fr,1,Comment se compare le web aux magasins ce mois-ci ?,COMPLETED,correct,all pairs found,"[[""Retail"", ""1029716.0"", ""9294"", ""230.72"", ""48.8""], [""Online"", ""612005.0"", ""5595"", ""208.52"", ""48.6""]]",25.9
B_configured,F4,F4-FR1,main,fr,2,Comment se compare le web aux magasins ce mois-ci ?,COMPLETED,correct,all pairs found,"[[""Retail"", ""1029716.0"", ""9294"", ""230.72"", ""48.8""], [""Online"", ""612005.0"", ""5595"", ""208.52"", ""48.6""]]",19.4
B_configured,F4,F4-FR2,main,fr,0,CA en ligne vs CA magasins ce mois-ci ?,COMPLETED,correct,all pairs found,"[[""Retail"", ""1029716.0"", ""9294"", ""230.72"", ""48.8""], [""Online"", ""612005.0"", ""5595"", ""208.52"", ""48.6""]]",22.4
B_configured,F4,F4-FR3,main,fr,0,Répartition du chiffre d'affaires par canal ce mois-ci,COMPLETED,correct,all pairs found,"[[""Retail"", ""1029716.0""], [""Online"", ""612005.0""]]",16.2
B_configured,F4,F4-FR4,main,fr,0,Combien on a vendu sur internet et en boutique ce mois-ci ?,COMPLETED,correct,all pairs found,"[[""Retail"", ""1029716.0"", ""9294"", ""230.72"", ""48.8""], [""Online"", ""612005.0"", ""5595"", ""208.52"", ""48.6""]]",22.5
B_configured,F4,F4-FR5,main,fr,0,Ventes du mois : digital contre physique ?,COMPLETED,correct,all pairs found,"[[""Retail"", ""1029716.0"", ""9294"", ""230.72"", ""48.8""], [""Online"", ""612005.0"", ""5595"", ""208.52"", ""48.6""]]",19.3
B_configured,F5,F5-HEN1,holdout,en,0,Total sales for the month before this one?,COMPLETED,correct,expected value 1756281.0 found,"[[""1756281.0""]]",19.4
B_configured,F5,F5-HEN2,holdout,en,0,How did revenue land last month?,COMPLETED,trap_hit,trap value 1641721.0 found,"[[""1641721.0""]]",19.4
B_configured,F5,F5-HFR1,holdout,fr,0,On a fait combien de CA en M-1 ?,COMPLETED,correct,expected value 1756281.0 found,"[[""1756281.0""]]",19.6
B_configured,F5,F5-HFR2,holdout,fr,0,Le CA réalisé le mois d'avant ?,COMPLETED,correct,expected value 1756281.0 found,"[[""1756281.0""]]",19.3
B_configured,F5,F5-EN1,main,en,0,What was our total revenue last month?,COMPLETED,correct,expected value 1756281.0 found,"[[""1756281.0""]]",19.4
B_configured,F5,F5-EN1,main,en,1,What was our total revenue last month?,COMPLETED,correct,expected value 1756281.0 found,"[[""1756281.0""]]",16.3
B_configured,F5,F5-EN1,main,en,2,What was our total revenue last month?,COMPLETED,correct,expected value 1756281.0 found,"[[""1756281.0""]]",13.1
B_configured,F5,F5-EN2,main,en,0,How much did we sell last month?,COMPLETED,correct,expected value 1756281.0 found,"[[""1756281.0""]]",19.3
B_configured,F5,F5-EN3,main,en,0,Last month's net sales?,COMPLETED,correct,expected value 1756281.0 found,"[[""1756281.0""]]",16.2
B_configured,F5,F5-EN4,main,en,0,Revenue for the previous month,COMPLETED,correct,expected value 1756281.0 found,"[[""1756281.0""]]",16.2
B_configured,F5,F5-EN5,main,en,0,What did we do in sales in the prior month?,COMPLETED,correct,expected value 1756281.0 found,"[[""1756281.0"", ""833548.0"", ""47.5"", ""15737"", ""7042""]]",25.5
B_configured,F5,F5-FR1,main,fr,0,Quel a été notre chiffre d'affaires le mois dernier ?,COMPLETED,correct,expected value 1756281.0 found,"[[""1756281.0""]]",19.3
B_configured,F5,F5-FR1,main,fr,1,Quel a été notre chiffre d'affaires le mois dernier ?,COMPLETED,correct,expected value 1756281.0 found,"[[""1756281.0""]]",16.2
B_configured,F5,F5-FR1,main,fr,2,Quel a été notre chiffre d'affaires le mois dernier ?,COMPLETED,correct,expected value 1756281.0 found,"[[""1756281.0""]]",19.3
B_configured,F5,F5-FR2,main,fr,0,Combien on a vendu le mois dernier ?,COMPLETED,correct,expected value 1756281.0 found,"[[""1756281.0""]]",19.3
B_configured,F5,F5-FR3,main,fr,0,CA M-1 ?,COMPLETED,no_answer,"no SQL result (clarification, error or timeout)",,9.7
B_configured,F5,F5-FR4,main,fr,0,Le CA du mois précédent ?,COMPLETED,correct,expected value 1756281.0 found,"[[""1756281.0""]]",16.2
B_configured,F5,F5-FR5,main,fr,0,Quelles étaient nos ventes totales le mois passé ?,COMPLETED,correct,expected value 1756281.0 found,"[[""1756281.0""]]",16.3
B_configured,F6,F6-EN1,main,en,0,Which region sold the most this month?,COMPLETED,correct,right label and right amount,"[[""Northeast"", ""475867.0""]]",19.3
B_configured,F6,F6-EN1,main,en,1,Which region sold the most this month?,COMPLETED,correct,right label and right amount,"[[""Northeast"", ""475867.0""]]",16.4
B_configured,F6,F6-EN1,main,en,2,Which region sold the most this month?,COMPLETED,correct,right label and right amount,"[[""Northeast"", ""475867.0""]]",16.2
B_configured,F6,F6-EN2,main,en,0,What's our top region by revenue this month?,COMPLETED,correct,right label and right amount,"[[""Northeast"", ""475867.0""]]",16.3
B_configured,F6,F6-EN3,main,en,0,Best performing region in sales this month?,COMPLETED,correct,right label and right amount,"[[""Northeast"", ""475867.0""]]",22.4
B_configured,F6,F6-EN4,main,en,0,Where did we generate the most revenue this month?,COMPLETED,correct,right label and right amount,"[[""Northeast"", ""475867.0""]]",22.4
B_configured,F6,F6-EN5,main,en,0,Which region leads in sales this month?,COMPLETED,correct,right label and right amount,"[[""Northeast"", ""475867.0""]]",16.2
B_configured,F6,F6-FR1,main,fr,0,Quelle région a le plus vendu ce mois-ci ?,COMPLETED,correct,right label and right amount,"[[""Northeast"", ""475867.0""]]",25.7
B_configured,F6,F6-FR1,main,fr,1,Quelle région a le plus vendu ce mois-ci ?,COMPLETED,correct,right label and right amount,"[[""Northeast"", ""475867.0""]]",22.5
B_configured,F6,F6-FR1,main,fr,2,Quelle région a le plus vendu ce mois-ci ?,COMPLETED,correct,right label and right amount,"[[""Northeast"", ""475867.0""]]",22.4
B_configured,F6,F6-FR2,main,fr,0,Quelle est notre meilleure région en CA ce mois-ci ?,COMPLETED,correct,right label and right amount,"[[""Northeast"", ""475867.0""]]",22.4
B_configured,F6,F6-FR3,main,fr,0,Où est-ce qu'on fait le plus de chiffre ce mois-ci ?,COMPLETED,correct,right label and right amount,"[[""Northeast"", ""475867.0""], [""South"", ""397442.0""], [""West"", ""396874.0""], [""Midwest"", ""371538.0""]]",19.4
B_configured,F6,F6-FR4,main,fr,0,Région numéro un en ventes ce mois ?,COMPLETED,correct,right label and right amount,"[[""Northeast"", ""475867.0""]]",19.6
B_configured,F6,F6-FR5,main,fr,0,Quelle région arrive en tête du chiffre d'affaires ce mois-ci ?,COMPLETED,correct,right label and right amount,"[[""Northeast"", ""475867.0""]]",22.5
B_configured,F7,F7-EN1,main,en,0,What's the average order value by channel this month?,COMPLETED,correct,all pairs found,"[[""Retail"", ""230.72""], [""Online"", ""208.52""]]",20.4
B_configured,F7,F7-EN1,main,en,1,What's the average order value by channel this month?,COMPLETED,correct,all pairs found,"[[""Retail"", ""230.72""], [""Online"", ""208.52""]]",22.6
B_configured,F7,F7-EN1,main,en,2,What's the average order value by channel this month?,COMPLETED,correct,all pairs found,"[[""Retail"", ""230.72""], [""Online"", ""208.52""]]",19.5
B_configured,F7,F7-EN2,main,en,0,AOV for Online vs Retail this month?,COMPLETED,correct,all pairs found,"[[""Retail"", ""230.72""], [""Online"", ""208.52""]]",19.4
B_configured,F7,F7-EN3,main,en,0,Average basket size per channel this month,COMPLETED,correct,all pairs found,"[[""Retail"", ""230.72""], [""Online"", ""208.52""]]",22.6
B_configured,F7,F7-EN4,main,en,0,How much does a typical order spend in each channel this month?,COMPLETED,correct,all pairs found,"[[""Retail"", ""230.72""], [""Online"", ""208.52""]]",22.7
B_configured,F7,F7-EN5,main,en,0,Average ticket by channel for the current month,COMPLETED,correct,all pairs found,"[[""Retail"", ""230.72""], [""Online"", ""208.52""]]",19.3
B_configured,F7,F7-FR1,main,fr,0,Quel est le panier moyen par canal ce mois-ci ?,COMPLETED,correct,all pairs found,"[[""Retail"", ""230.72""], [""Online"", ""208.52""]]",19.4
B_configured,F7,F7-FR1,main,fr,1,Quel est le panier moyen par canal ce mois-ci ?,COMPLETED,correct,all pairs found,"[[""Retail"", ""230.72""], [""Online"", ""208.52""]]",19.4
B_configured,F7,F7-FR1,main,fr,2,Quel est le panier moyen par canal ce mois-ci ?,COMPLETED,correct,all pairs found,"[[""Retail"", ""230.72""], [""Online"", ""208.52""]]",16.2
B_configured,F7,F7-FR2,main,fr,0,Panier moyen web vs magasin ce mois-ci ?,COMPLETED,correct,all pairs found,"[[""Retail"", ""230.72""], [""Online"", ""208.52""]]",19.3
B_configured,F7,F7-FR3,main,fr,0,"Combien dépense un client par commande, selon le canal, ce mois-ci ?",COMPLETED,correct,all pairs found,"[[""Retail"", ""230.72""], [""Online"", ""208.52""]]",19.4
B_configured,F7,F7-FR4,main,fr,0,Le ticket moyen par canal ce mois ?,COMPLETED,correct,all pairs found,"[[""Retail"", ""230.72""], [""Online"", ""208.52""]]",22.5
B_configured,F7,F7-FR5,main,fr,0,Montant moyen d'une commande en ligne et en magasin ce mois-ci ?,COMPLETED,correct,all pairs found,"[[""Retail"", ""230.72""], [""Online"", ""208.52""]]",19.3
B_configured,F8,F8-HEN1,holdout,en,0,"In the previous quarter, how much of our revenue was discounted, as a percentage?",COMPLETED,correct,expected value 53.6 found,"[[""53.6""]]",22.4
B_configured,F8,F8-HEN2,holdout,en,0,Promo share of sales for last quarter?,COMPLETED,correct,expected value 53.6 found,"[[""53.6""]]",38.0
B_configured,F8,F8-HFR1,holdout,fr,0,"Sur le trimestre précédent, quel % du CA a été fait en promo ?",COMPLETED,incorrect,"expected 53.6, got [52.6]","[[""52.6""]]",22.4
B_configured,F8,F8-HFR2,holdout,fr,0,Poids des ventes remisées dans le CA du dernier trimestre ?,COMPLETED,incorrect,"expected 53.6, got [1641721.0, 864218.0, 52.6]","[[""1641721.0"", ""864218.0"", ""52.6""]]",34.9
B_configured,F8,F8-EN1,main,en,0,What share of revenue came from discounted sales last quarter?,COMPLETED,correct,expected value 53.6 found,"[[""53.6""]]",22.4
B_configured,F8,F8-EN1,main,en,1,What share of revenue came from discounted sales last quarter?,COMPLETED,correct,expected value 53.6 found,"[[""53.6""]]",25.6
B_configured,F8,F8-EN1,main,en,2,What share of revenue came from discounted sales last quarter?,COMPLETED,correct,expected value 53.6 found,"[[""53.6""]]",34.9
B_configured,F8,F8-EN2,main,en,0,What percentage of last quarter's sales were on promotion?,COMPLETED,correct,expected value 53.6 found,"[[""53.6""]]",41.2
B_configured,F8,F8-EN3,main,en,0,"As a percent, how much of last quarter's revenue came from marked-down items?",COMPLETED,incorrect,"expected 53.6, got [52.6]","[[""52.6""]]",28.7
B_configured,F8,F8-EN4,main,en,0,"Discounted revenue as a % of total, previous quarter",COMPLETED,correct,expected value 53.6 found,"[[""53.6""]]",25.6
B_configured,F8,F8-EN5,main,en,0,"Last quarter, what portion of sales had a discount applied?",COMPLETED,incorrect,"expected 53.6, got [56.9]","[[""56.9""]]",41.2
B_configured,F8,F8-FR1,main,fr,0,Quelle part du CA a été réalisée avec une remise le trimestre dernier ?,COMPLETED,correct,expected value 53.6 found,"[[""53.6""]]",28.8
B_configured,F8,F8-FR1,main,fr,1,Quelle part du CA a été réalisée avec une remise le trimestre dernier ?,COMPLETED,correct,expected value 53.6 found,"[[""53.6""]]",25.5
B_configured,F8,F8-FR1,main,fr,2,Quelle part du CA a été réalisée avec une remise le trimestre dernier ?,COMPLETED,correct,expected value 53.6 found,"[[""53.6""]]",25.5
B_configured,F8,F8-FR2,main,fr,0,Quel pourcentage des ventes du trimestre précédent était en promo ?,COMPLETED,correct,expected value 53.6 found,"[[""53.6""]]",34.9
B_configured,F8,F8-FR3,main,fr,0,Part du chiffre d'affaires remisé sur le trimestre dernier ?,COMPLETED,correct,expected value 53.6 found,"[[""53.6""]]",28.8
B_configured,F8,F8-FR4,main,fr,0,"Combien de notre CA du trimestre passé vient de ventes avec réduction, en % ?",COMPLETED,correct,expected value 53.6 found,"[[""53.6""]]",22.4
B_configured,F8,F8-FR5,main,fr,0,Taux de CA promo le trimestre dernier ?,COMPLETED,correct,expected value 53.6 found,"[[""53.6""]]",22.4
C_definitions,F1,F1-EN1,main,en,0,How are sales pacing against our monthly target?,COMPLETED,correct,"values ['company_actual_revenue', 'company_target'] found","[[""1641721.0"", ""1683000.0"", ""-41279.0"", ""97.5"", ""OFF TRACK""]]",22.6
C_definitions,F1,F1-EN1,main,en,1,How are sales pacing against our monthly target?,COMPLETED,correct,"values ['company_actual_revenue', 'company_target'] found","[[""1641721.0"", ""1683000.0"", ""-41279.0"", ""97.5"", ""OFF TRACK""]]",22.5
C_definitions,F1,F1-EN1,main,en,2,How are sales pacing against our monthly target?,COMPLETED,correct,"values ['company_actual_revenue', 'company_target'] found","[[""1641721.0"", ""1683000.0"", ""-41279.0"", ""97.5"", ""OFF TRACK""]]",22.4
C_definitions,F1,F1-EN2,main,en,0,Are we on track to hit this month's revenue target?,COMPLETED,correct,"values ['company_actual_revenue', 'company_target'] found","[[""1641721.0"", ""1683000.0"", ""-41279.0"", ""97.5"", ""OFF TRACK""]]",28.8
C_definitions,F1,F1-EN3,main,en,0,Revenue vs target this month?,COMPLETED,correct,"values ['company_actual_revenue', 'company_target'] found","[[""1641721.0"", ""1683000.0"", ""-41279.0"", ""97.5"", ""OFF TRACK""]]",25.7
C_definitions,F1,F1-EN4,main,en,0,Are we beating or missing plan this month?,COMPLETED,correct,"values ['company_actual_revenue', 'company_target'] found","[[""1641721.0"", ""1683000.0"", ""-41279.0"", ""97.5"", ""OFF TRACK""]]",25.5
C_definitions,F1,F1-EN5,main,en,0,What's our percent to target for the current month?,COMPLETED,correct,values ['pct_to_target'] found,"[[""97.5""]]",19.4
C_definitions,F1,F1-FR1,main,fr,0,Est-ce qu'on est en ligne avec l'objectif de CA ce mois-ci ?,COMPLETED,correct,"values ['company_actual_revenue', 'company_target'] found","[[""1641721.0"", ""1683000.0"", ""-41279.0"", ""97.5"", ""OFF TRACK""]]",22.5
C_definitions,F1,F1-FR1,main,fr,1,Est-ce qu'on est en ligne avec l'objectif de CA ce mois-ci ?,COMPLETED,correct,"values ['company_actual_revenue', 'company_target'] found","[[""1641721.0"", ""1683000.0"", ""-41279.0"", ""97.5"", ""OFF TRACK""]]",22.5
C_definitions,F1,F1-FR1,main,fr,2,Est-ce qu'on est en ligne avec l'objectif de CA ce mois-ci ?,COMPLETED,correct,"values ['company_actual_revenue', 'company_target'] found","[[""1641721.0"", ""1683000.0"", ""-41279.0"", ""97.5"", ""OFF TRACK""]]",22.6
C_definitions,F1,F1-FR2,main,fr,0,Où en est le réalisé par rapport au budget ce mois-ci ?,COMPLETED,correct,"values ['company_actual_revenue', 'company_target'] found","[[""1641721.0"", ""1683000.0"", ""-41279.0"", ""97.5"", ""OFF TRACK""]]",22.5
C_definitions,F1,F1-FR3,main,fr,0,On atteint l'objectif de ventes du mois ?,COMPLETED,correct,"values ['company_actual_revenue', 'company_target'] found","[[""1641721.0"", ""1683000.0"", ""-41279.0"", ""97.5"", ""OFF TRACK""]]",22.5
C_definitions,F1,F1-FR4,main,fr,0,Quel est notre taux d'atteinte de l'objectif ce mois-ci ?,COMPLETED,correct,values ['pct_to_target'] found,"[[""97.5""]]",19.5
C_definitions,F1,F1-FR5,main,fr,0,CA du mois vs objectif ?,COMPLETED,correct,"values ['company_actual_revenue', 'company_target'] found","[[""1641721.0"", ""1683000.0"", ""-41279.0"", ""97.5"", ""OFF TRACK""]]",22.5
C_definitions,F2,F2-EN1,main,en,0,"Which regions are missing target this month, worst first?",COMPLETED,correct,"complete list, extra labels are explicitly marked as on track","[[""West"", ""396874.0"", ""520000.0"", ""-123126.0"", ""76.3"", ""OFF TRACK""], [""South"", ""397442.0"", ""373000.0"", ""24442.0"", ""106.6"", ""ON TRACK""], [""Midwest"", ""371538.0"", ""348000.0"", ""23538.0"", ""106.8"", ""ON TRACK""], [""Northeast"", ""475867.0"", ""442000.0"", ""33867.0"", ""107.7"", ""ON TRACK""]]",22.5
C_definitions,F2,F2-EN1,main,en,1,"Which regions are missing target this month, worst first?",COMPLETED,correct,"complete list, extra labels are explicitly marked as on track","[[""West"", ""396874.0"", ""520000.0"", ""-123126.0"", ""76.3"", ""OFF TRACK""], [""South"", ""397442.0"", ""373000.0"", ""24442.0"", ""106.6"", ""ON TRACK""], [""Midwest"", ""371538.0"", ""348000.0"", ""23538.0"", ""106.8"", ""ON TRACK""], [""Northeast"", ""475867.0"", ""442000.0"", ""33867.0"", ""107.7"", ""ON TRACK""]]",22.4
C_definitions,F2,F2-EN1,main,en,2,"Which regions are missing target this month, worst first?",COMPLETED,correct,"complete list, extra labels are explicitly marked as on track","[[""West"", ""396874.0"", ""520000.0"", ""-123126.0"", ""76.3"", ""OFF TRACK""], [""South"", ""397442.0"", ""373000.0"", ""24442.0"", ""106.6"", ""ON TRACK""], [""Midwest"", ""371538.0"", ""348000.0"", ""23538.0"", ""106.8"", ""ON TRACK""], [""Northeast"", ""475867.0"", ""442000.0"", ""33867.0"", ""107.7"", ""ON TRACK""]]",22.4
C_definitions,F2,F2-EN2,main,en,0,Which regions are below their revenue target this month?,COMPLETED,correct,identical set,"[[""West"", ""396874.0"", ""520000.0"", ""-123126.0"", ""76.3"", ""OFF TRACK""]]",28.7
C_definitions,F2,F2-EN3,main,en,0,Where are we falling short of target this month?,COMPLETED,correct,"complete list, extra labels are explicitly marked as on track","[[""West"", ""396874.0"", ""520000.0"", ""-123126.0"", ""76.3"", ""OFF TRACK""], [""South"", ""397442.0"", ""373000.0"", ""24442.0"", ""106.6"", ""ON TRACK""], [""Midwest"", ""371538.0"", ""348000.0"", ""23538.0"", ""106.8"", ""ON TRACK""], [""Northeast"", ""475867.0"", ""442000.0"", ""33867.0"", ""107.7"", ""ON TRACK""]]",22.5
C_definitions,F2,F2-EN4,main,en,0,List the regions that are off track vs plan this month.,COMPLETED,correct,identical set,"[[""West"", ""396874.0"", ""520000.0"", ""-123126.0"", ""76.3"", ""OFF TRACK""]]",22.5
C_definitions,F2,F2-EN5,main,en,0,Which regions haven't hit their monthly goal?,COMPLETED,correct,identical set,"[[""West"", ""396874.0"", ""520000.0"", ""-123126.0"", ""76.3"", ""OFF TRACK""]]",23.1
C_definitions,F2,F2-FR1,main,fr,0,Quelles régions sont sous l'objectif ce mois-ci ?,COMPLETED,correct,identical set,"[[""West"", ""396874.0"", ""520000.0"", ""-123126.0"", ""76.3"", ""OFF TRACK""]]",22.5
C_definitions,F2,F2-FR1,main,fr,1,Quelles régions sont sous l'objectif ce mois-ci ?,COMPLETED,correct,identical set,"[[""West"", ""396874.0"", ""520000.0"", ""-123126.0"", ""76.3"", ""OFF TRACK""]]",22.6
C_definitions,F2,F2-FR1,main,fr,2,Quelles régions sont sous l'objectif ce mois-ci ?,COMPLETED,correct,identical set,"[[""West"", ""396874.0"", ""520000.0"", ""-123126.0"", ""76.3"", ""OFF TRACK""]]",25.6
C_definitions,F2,F2-FR2,main,fr,0,Quelles régions n'atteignent pas leur budget ce mois-ci ?,COMPLETED,correct,identical set,"[[""West"", ""396874.0"", ""520000.0"", ""-123126.0"", ""76.3"", ""OFF TRACK""]]",25.6
C_definitions,F2,F2-FR3,main,fr,0,Où est-ce qu'on est en retard sur l'objectif ce mois-ci ?,COMPLETED,correct,identical set,"[[""West"", ""396874.0"", ""520000.0"", ""-123126.0"", ""76.3"", ""OFF TRACK""]]",25.6
C_definitions,F2,F2-FR4,main,fr,0,Liste des régions en dessous du budget ce mois.,COMPLETED,correct,identical set,"[[""West"", ""396874.0"", ""520000.0"", ""-123126.0"", ""76.3"", ""OFF TRACK""]]",28.8
C_definitions,F2,F2-FR5,main,fr,0,Quelles régions décrochent par rapport à l'objectif ce mois-ci ?,COMPLETED,correct,identical set,"[[""West"", ""396874.0"", ""520000.0"", ""-123126.0"", ""76.3"", ""OFF TRACK""]]",25.6
C_definitions,F3,F3-EN1,main,en,0,What are our top 10 products by revenue this month?,COMPLETED,correct,identical set,"[[""SKU-1009"", ""Aera Wireless Earbuds Pro"", ""Electronics"", ""155200.0"", ""1296"", ""105952.0""], [""SKU-1042"", ""Summit 600 Down Jacket"", ""Apparel"", ""134937.0"", ""670"", ""73297.0""], [""SKU-1060"", ""Trailhead Headlamp"", ""Electronics"", ""83182.0"", ""239"", ""39493.0""], [""SKU-1018"", ""Aera Hiking Pants"", ""Apparel"", ""69862.0"", ""373"", ""30029.0""], [""SKU-1057"", ""Summit Alpine Sleeping Bag"", ""Outdoor & Camping"", ""69169.0"", ""362"", ""32223.0""], [""SKU-1013"", ""Cascade Storage Crate"", ""Home & Kitchen"", ""58253.0"", ""321"", ""24310.0""], [""SKU-1050"", ""Aera Insulated Vest"", ""Apparel"", ""56271.0"", ""277"", ""25023.0""], [""SKU-1034"", ""Aera Merino Tee"", ""Apparel"", ""55452.0"", ""339"", ""26898.0""], [""SKU-1001"", ""Summit Ridge Tent"", ""Outdoor & Camping"", ""46549.0"", ""357"", ""17986.0""], [""SKU-1028"", ""Trailhead Action Cam"", ""Electronics"", ""44029.0"", ""142"", ""19531.0""]]",19.4
C_definitions,F3,F3-EN1,main,en,1,What are our top 10 products by revenue this month?,COMPLETED,correct,identical set,"[[""SKU-1009"", ""Aera Wireless Earbuds Pro"", ""Electronics"", ""155200.0"", ""1296"", ""105952.0""], [""SKU-1042"", ""Summit 600 Down Jacket"", ""Apparel"", ""134937.0"", ""670"", ""73297.0""], [""SKU-1060"", ""Trailhead Headlamp"", ""Electronics"", ""83182.0"", ""239"", ""39493.0""], [""SKU-1018"", ""Aera Hiking Pants"", ""Apparel"", ""69862.0"", ""373"", ""30029.0""], [""SKU-1057"", ""Summit Alpine Sleeping Bag"", ""Outdoor & Camping"", ""69169.0"", ""362"", ""32223.0""], [""SKU-1013"", ""Cascade Storage Crate"", ""Home & Kitchen"", ""58253.0"", ""321"", ""24310.0""], [""SKU-1050"", ""Aera Insulated Vest"", ""Apparel"", ""56271.0"", ""277"", ""25023.0""], [""SKU-1034"", ""Aera Merino Tee"", ""Apparel"", ""55452.0"", ""339"", ""26898.0""], [""SKU-1001"", ""Summit Ridge Tent"", ""Outdoor & Camping"", ""46549.0"", ""357"", ""17986.0""], [""SKU-1028"", ""Trailhead Action Cam"", ""Electronics"", ""44029.0"", ""142"", ""19531.0""]]",13.1
C_definitions,F3,F3-EN1,main,en,2,What are our top 10 products by revenue this month?,COMPLETED,correct,identical set,"[[""SKU-1009"", ""Aera Wireless Earbuds Pro"", ""Electronics"", ""155200.0"", ""1296"", ""105952.0""], [""SKU-1042"", ""Summit 600 Down Jacket"", ""Apparel"", ""134937.0"", ""670"", ""73297.0""], [""SKU-1060"", ""Trailhead Headlamp"", ""Electronics"", ""83182.0"", ""239"", ""39493.0""], [""SKU-1018"", ""Aera Hiking Pants"", ""Apparel"", ""69862.0"", ""373"", ""30029.0""], [""SKU-1057"", ""Summit Alpine Sleeping Bag"", ""Outdoor & Camping"", ""69169.0"", ""362"", ""32223.0""], [""SKU-1013"", ""Cascade Storage Crate"", ""Home & Kitchen"", ""58253.0"", ""321"", ""24310.0""], [""SKU-1050"", ""Aera Insulated Vest"", ""Apparel"", ""56271.0"", ""277"", ""25023.0""], [""SKU-1034"", ""Aera Merino Tee"", ""Apparel"", ""55452.0"", ""339"", ""26898.0""], [""SKU-1001"", ""Summit Ridge Tent"", ""Outdoor & Camping"", ""46549.0"", ""357"", ""17986.0""], [""SKU-1028"", ""Trailhead Action Cam"", ""Electronics"", ""44029.0"", ""142"", ""19531.0""]]",13.3
C_definitions,F3,F3-EN2,main,en,0,Show me the 10 best-selling products this month by sales.,COMPLETED,correct,identical set,"[[""SKU-1009"", ""Aera Wireless Earbuds Pro"", ""Electronics"", ""155200.0"", ""1296"", ""105952.0""], [""SKU-1042"", ""Summit 600 Down Jacket"", ""Apparel"", ""134937.0"", ""670"", ""73297.0""], [""SKU-1060"", ""Trailhead Headlamp"", ""Electronics"", ""83182.0"", ""239"", ""39493.0""], [""SKU-1018"", ""Aera Hiking Pants"", ""Apparel"", ""69862.0"", ""373"", ""30029.0""], [""SKU-1057"", ""Summit Alpine Sleeping Bag"", ""Outdoor & Camping"", ""69169.0"", ""362"", ""32223.0""], [""SKU-1013"", ""Cascade Storage Crate"", ""Home & Kitchen"", ""58253.0"", ""321"", ""24310.0""], [""SKU-1050"", ""Aera Insulated Vest"", ""Apparel"", ""56271.0"", ""277"", ""25023.0""], [""SKU-1034"", ""Aera Merino Tee"", ""Apparel"", ""55452.0"", ""339"", ""26898.0""], [""SKU-1001"", ""Summit Ridge Tent"", ""Outdoor & Camping"", ""46549.0"", ""357"", ""17986.0""], [""SKU-1028"", ""Trailhead Action Cam"", ""Electronics"", ""44029.0"", ""142"", ""19531.0""]]",19.4
C_definitions,F3,F3-EN3,main,en,0,Top 10 SKUs by revenue this month,COMPLETED,correct,identical set,"[[""SKU-1009"", ""Aera Wireless Earbuds Pro"", ""Electronics"", ""155200.0"", ""1296"", ""105952.0""], [""SKU-1042"", ""Summit 600 Down Jacket"", ""Apparel"", ""134937.0"", ""670"", ""73297.0""], [""SKU-1060"", ""Trailhead Headlamp"", ""Electronics"", ""83182.0"", ""239"", ""39493.0""], [""SKU-1018"", ""Aera Hiking Pants"", ""Apparel"", ""69862.0"", ""373"", ""30029.0""], [""SKU-1057"", ""Summit Alpine Sleeping Bag"", ""Outdoor & Camping"", ""69169.0"", ""362"", ""32223.0""], [""SKU-1013"", ""Cascade Storage Crate"", ""Home & Kitchen"", ""58253.0"", ""321"", ""24310.0""], [""SKU-1050"", ""Aera Insulated Vest"", ""Apparel"", ""56271.0"", ""277"", ""25023.0""], [""SKU-1034"", ""Aera Merino Tee"", ""Apparel"", ""55452.0"", ""339"", ""26898.0""], [""SKU-1001"", ""Summit Ridge Tent"", ""Outdoor & Camping"", ""46549.0"", ""357"", ""17986.0""], [""SKU-1028"", ""Trailhead Action Cam"", ""Electronics"", ""44029.0"", ""142"", ""19531.0""]]",16.3
C_definitions,F3,F3-EN4,main,en,0,Which ten products brought in the most money this month?,COMPLETED,correct,identical set,"[[""SKU-1009"", ""Aera Wireless Earbuds Pro"", ""Electronics"", ""155200.0"", ""1296"", ""105952.0""], [""SKU-1042"", ""Summit 600 Down Jacket"", ""Apparel"", ""134937.0"", ""670"", ""73297.0""], [""SKU-1060"", ""Trailhead Headlamp"", ""Electronics"", ""83182.0"", ""239"", ""39493.0""], [""SKU-1018"", ""Aera Hiking Pants"", ""Apparel"", ""69862.0"", ""373"", ""30029.0""], [""SKU-1057"", ""Summit Alpine Sleeping Bag"", ""Outdoor & Camping"", ""69169.0"", ""362"", ""32223.0""], [""SKU-1013"", ""Cascade Storage Crate"", ""Home & Kitchen"", ""58253.0"", ""321"", ""24310.0""], [""SKU-1050"", ""Aera Insulated Vest"", ""Apparel"", ""56271.0"", ""277"", ""25023.0""], [""SKU-1034"", ""Aera Merino Tee"", ""Apparel"", ""55452.0"", ""339"", ""26898.0""], [""SKU-1001"", ""Summit Ridge Tent"", ""Outdoor & Camping"", ""46549.0"", ""357"", ""17986.0""], [""SKU-1028"", ""Trailhead Action Cam"", ""Electronics"", ""44029.0"", ""142"", ""19531.0""]]",16.3
C_definitions,F3,F3-EN5,main,en,0,"Best sellers this month, top 10 by revenue",COMPLETED,correct,identical set,"[[""SKU-1009"", ""Aera Wireless Earbuds Pro"", ""Electronics"", ""155200.0"", ""1296"", ""105952.0""], [""SKU-1042"", ""Summit 600 Down Jacket"", ""Apparel"", ""134937.0"", ""670"", ""73297.0""], [""SKU-1060"", ""Trailhead Headlamp"", ""Electronics"", ""83182.0"", ""239"", ""39493.0""], [""SKU-1018"", ""Aera Hiking Pants"", ""Apparel"", ""69862.0"", ""373"", ""30029.0""], [""SKU-1057"", ""Summit Alpine Sleeping Bag"", ""Outdoor & Camping"", ""69169.0"", ""362"", ""32223.0""], [""SKU-1013"", ""Cascade Storage Crate"", ""Home & Kitchen"", ""58253.0"", ""321"", ""24310.0""], [""SKU-1050"", ""Aera Insulated Vest"", ""Apparel"", ""56271.0"", ""277"", ""25023.0""], [""SKU-1034"", ""Aera Merino Tee"", ""Apparel"", ""55452.0"", ""339"", ""26898.0""], [""SKU-1001"", ""Summit Ridge Tent"", ""Outdoor & Camping"", ""46549.0"", ""357"", ""17986.0""], [""SKU-1028"", ""Trailhead Action Cam"", ""Electronics"", ""44029.0"", ""142"", ""19531.0""]]",19.5
C_definitions,F3,F3-FR1,main,fr,0,Quels sont nos 10 produits qui font le plus de CA ce mois-ci ?,COMPLETED,correct,identical set,"[[""SKU-1009"", ""Aera Wireless Earbuds Pro"", ""Electronics"", ""155200.0"", ""1296"", ""105952.0""], [""SKU-1042"", ""Summit 600 Down Jacket"", ""Apparel"", ""134937.0"", ""670"", ""73297.0""], [""SKU-1060"", ""Trailhead Headlamp"", ""Electronics"", ""83182.0"", ""239"", ""39493.0""], [""SKU-1018"", ""Aera Hiking Pants"", ""Apparel"", ""69862.0"", ""373"", ""30029.0""], [""SKU-1057"", ""Summit Alpine Sleeping Bag"", ""Outdoor & Camping"", ""69169.0"", ""362"", ""32223.0""], [""SKU-1013"", ""Cascade Storage Crate"", ""Home & Kitchen"", ""58253.0"", ""321"", ""24310.0""], [""SKU-1050"", ""Aera Insulated Vest"", ""Apparel"", ""56271.0"", ""277"", ""25023.0""], [""SKU-1034"", ""Aera Merino Tee"", ""Apparel"", ""55452.0"", ""339"", ""26898.0""], [""SKU-1001"", ""Summit Ridge Tent"", ""Outdoor & Camping"", ""46549.0"", ""357"", ""17986.0""], [""SKU-1028"", ""Trailhead Action Cam"", ""Electronics"", ""44029.0"", ""142"", ""19531.0""]]",22.6
C_definitions,F3,F3-FR1,main,fr,1,Quels sont nos 10 produits qui font le plus de CA ce mois-ci ?,COMPLETED,correct,identical set,"[[""SKU-1009"", ""Aera Wireless Earbuds Pro"", ""Electronics"", ""155200.0"", ""1296"", ""105952.0""], [""SKU-1042"", ""Summit 600 Down Jacket"", ""Apparel"", ""134937.0"", ""670"", ""73297.0""], [""SKU-1060"", ""Trailhead Headlamp"", ""Electronics"", ""83182.0"", ""239"", ""39493.0""], [""SKU-1018"", ""Aera Hiking Pants"", ""Apparel"", ""69862.0"", ""373"", ""30029.0""], [""SKU-1057"", ""Summit Alpine Sleeping Bag"", ""Outdoor & Camping"", ""69169.0"", ""362"", ""32223.0""], [""SKU-1013"", ""Cascade Storage Crate"", ""Home & Kitchen"", ""58253.0"", ""321"", ""24310.0""], [""SKU-1050"", ""Aera Insulated Vest"", ""Apparel"", ""56271.0"", ""277"", ""25023.0""], [""SKU-1034"", ""Aera Merino Tee"", ""Apparel"", ""55452.0"", ""339"", ""26898.0""], [""SKU-1001"", ""Summit Ridge Tent"", ""Outdoor & Camping"", ""46549.0"", ""357"", ""17986.0""], [""SKU-1028"", ""Trailhead Action Cam"", ""Electronics"", ""44029.0"", ""142"", ""19531.0""]]",19.4
C_definitions,F3,F3-FR1,main,fr,2,Quels sont nos 10 produits qui font le plus de CA ce mois-ci ?,COMPLETED,correct,identical set,"[[""SKU-1009"", ""Aera Wireless Earbuds Pro"", ""Electronics"", ""155200.0"", ""1296"", ""105952.0""], [""SKU-1042"", ""Summit 600 Down Jacket"", ""Apparel"", ""134937.0"", ""670"", ""73297.0""], [""SKU-1060"", ""Trailhead Headlamp"", ""Electronics"", ""83182.0"", ""239"", ""39493.0""], [""SKU-1018"", ""Aera Hiking Pants"", ""Apparel"", ""69862.0"", ""373"", ""30029.0""], [""SKU-1057"", ""Summit Alpine Sleeping Bag"", ""Outdoor & Camping"", ""69169.0"", ""362"", ""32223.0""], [""SKU-1013"", ""Cascade Storage Crate"", ""Home & Kitchen"", ""58253.0"", ""321"", ""24310.0""], [""SKU-1050"", ""Aera Insulated Vest"", ""Apparel"", ""56271.0"", ""277"", ""25023.0""], [""SKU-1034"", ""Aera Merino Tee"", ""Apparel"", ""55452.0"", ""339"", ""26898.0""], [""SKU-1001"", ""Summit Ridge Tent"", ""Outdoor & Camping"", ""46549.0"", ""357"", ""17986.0""], [""SKU-1028"", ""Trailhead Action Cam"", ""Electronics"", ""44029.0"", ""142"", ""19531.0""]]",16.2
C_definitions,F3,F3-FR2,main,fr,0,Top 10 des produits par chiffre d'affaires ce mois-ci,COMPLETED,correct,identical set,"[[""SKU-1009"", ""Aera Wireless Earbuds Pro"", ""Electronics"", ""155200.0"", ""1296"", ""105952.0""], [""SKU-1042"", ""Summit 600 Down Jacket"", ""Apparel"", ""134937.0"", ""670"", ""73297.0""], [""SKU-1060"", ""Trailhead Headlamp"", ""Electronics"", ""83182.0"", ""239"", ""39493.0""], [""SKU-1018"", ""Aera Hiking Pants"", ""Apparel"", ""69862.0"", ""373"", ""30029.0""], [""SKU-1057"", ""Summit Alpine Sleeping Bag"", ""Outdoor & Camping"", ""69169.0"", ""362"", ""32223.0""], [""SKU-1013"", ""Cascade Storage Crate"", ""Home & Kitchen"", ""58253.0"", ""321"", ""24310.0""], [""SKU-1050"", ""Aera Insulated Vest"", ""Apparel"", ""56271.0"", ""277"", ""25023.0""], [""SKU-1034"", ""Aera Merino Tee"", ""Apparel"", ""55452.0"", ""339"", ""26898.0""], [""SKU-1001"", ""Summit Ridge Tent"", ""Outdoor & Camping"", ""46549.0"", ""357"", ""17986.0""], [""SKU-1028"", ""Trailhead Action Cam"", ""Electronics"", ""44029.0"", ""142"", ""19531.0""]]",22.6
C_definitions,F3,F3-FR3,main,fr,0,Quelles sont les 10 meilleures ventes du mois en valeur ?,COMPLETED,correct,identical set,"[[""SKU-1009"", ""Aera Wireless Earbuds Pro"", ""Electronics"", ""155200.0"", ""1296"", ""105952.0""], [""SKU-1042"", ""Summit 600 Down Jacket"", ""Apparel"", ""134937.0"", ""670"", ""73297.0""], [""SKU-1060"", ""Trailhead Headlamp"", ""Electronics"", ""83182.0"", ""239"", ""39493.0""], [""SKU-1018"", ""Aera Hiking Pants"", ""Apparel"", ""69862.0"", ""373"", ""30029.0""], [""SKU-1057"", ""Summit Alpine Sleeping Bag"", ""Outdoor & Camping"", ""69169.0"", ""362"", ""32223.0""], [""SKU-1013"", ""Cascade Storage Crate"", ""Home & Kitchen"", ""58253.0"", ""321"", ""24310.0""], [""SKU-1050"", ""Aera Insulated Vest"", ""Apparel"", ""56271.0"", ""277"", ""25023.0""], [""SKU-1034"", ""Aera Merino Tee"", ""Apparel"", ""55452.0"", ""339"", ""26898.0""], [""SKU-1001"", ""Summit Ridge Tent"", ""Outdoor & Camping"", ""46549.0"", ""357"", ""17986.0""], [""SKU-1028"", ""Trailhead Action Cam"", ""Electronics"", ""44029.0"", ""142"", ""19531.0""]]",16.3
C_definitions,F3,F3-FR4,main,fr,0,Classement des 10 produits qui rapportent le plus ce mois-ci,COMPLETED,correct,identical set,"[[""SKU-1009"", ""Aera Wireless Earbuds Pro"", ""Electronics"", ""155200.0"", ""1296"", ""105952.0""], [""SKU-1042"", ""Summit 600 Down Jacket"", ""Apparel"", ""134937.0"", ""670"", ""73297.0""], [""SKU-1060"", ""Trailhead Headlamp"", ""Electronics"", ""83182.0"", ""239"", ""39493.0""], [""SKU-1018"", ""Aera Hiking Pants"", ""Apparel"", ""69862.0"", ""373"", ""30029.0""], [""SKU-1057"", ""Summit Alpine Sleeping Bag"", ""Outdoor & Camping"", ""69169.0"", ""362"", ""32223.0""], [""SKU-1013"", ""Cascade Storage Crate"", ""Home & Kitchen"", ""58253.0"", ""321"", ""24310.0""], [""SKU-1050"", ""Aera Insulated Vest"", ""Apparel"", ""56271.0"", ""277"", ""25023.0""], [""SKU-1034"", ""Aera Merino Tee"", ""Apparel"", ""55452.0"", ""339"", ""26898.0""], [""SKU-1001"", ""Summit Ridge Tent"", ""Outdoor & Camping"", ""46549.0"", ""357"", ""17986.0""], [""SKU-1028"", ""Trailhead Action Cam"", ""Electronics"", ""44029.0"", ""142"", ""19531.0""]]",16.3
C_definitions,F3,F3-FR5,main,fr,0,Les 10 références qui génèrent le plus de chiffre ce mois ?,COMPLETED,correct,identical set,"[[""SKU-1009"", ""Aera Wireless Earbuds Pro"", ""Electronics"", ""155200.0"", ""1296"", ""105952.0""], [""SKU-1042"", ""Summit 600 Down Jacket"", ""Apparel"", ""134937.0"", ""670"", ""73297.0""], [""SKU-1060"", ""Trailhead Headlamp"", ""Electronics"", ""83182.0"", ""239"", ""39493.0""], [""SKU-1018"", ""Aera Hiking Pants"", ""Apparel"", ""69862.0"", ""373"", ""30029.0""], [""SKU-1057"", ""Summit Alpine Sleeping Bag"", ""Outdoor & Camping"", ""69169.0"", ""362"", ""32223.0""], [""SKU-1013"", ""Cascade Storage Crate"", ""Home & Kitchen"", ""58253.0"", ""321"", ""24310.0""], [""SKU-1050"", ""Aera Insulated Vest"", ""Apparel"", ""56271.0"", ""277"", ""25023.0""], [""SKU-1034"", ""Aera Merino Tee"", ""Apparel"", ""55452.0"", ""339"", ""26898.0""], [""SKU-1001"", ""Summit Ridge Tent"", ""Outdoor & Camping"", ""46549.0"", ""357"", ""17986.0""], [""SKU-1028"", ""Trailhead Action Cam"", ""Electronics"", ""44029.0"", ""142"", ""19531.0""]]",16.3
C_definitions,F4,F4-EN1,main,en,0,How did Online compare to Retail this month?,COMPLETED,correct,all pairs found,"[[""Retail"", ""1029716.0"", ""9294"", ""230.72"", ""48.8""], [""Online"", ""612005.0"", ""5595"", ""208.52"", ""48.6""]]",19.4
C_definitions,F4,F4-EN1,main,en,1,How did Online compare to Retail this month?,COMPLETED,correct,all pairs found,"[[""Retail"", ""1029716.0"", ""9294"", ""230.72"", ""48.8""], [""Online"", ""612005.0"", ""5595"", ""208.52"", ""48.6""]]",22.5
C_definitions,F4,F4-EN1,main,en,2,How did Online compare to Retail this month?,COMPLETED,correct,all pairs found,"[[""Retail"", ""1029716.0"", ""9294"", ""230.72"", ""48.8""], [""Online"", ""612005.0"", ""5595"", ""208.52"", ""48.6""]]",22.5
C_definitions,F4,F4-EN2,main,en,0,Online vs in-store revenue this month?,COMPLETED,correct,all pairs found,"[[""Retail"", ""1029716.0"", ""9294"", ""230.72"", ""48.8""], [""Online"", ""612005.0"", ""5595"", ""208.52"", ""48.6""]]",16.3
C_definitions,F4,F4-EN3,main,en,0,Split revenue by channel for this month,COMPLETED,correct,all pairs found,"[[""Retail"", ""1029716.0""], [""Online"", ""612005.0""]]",16.3
C_definitions,F4,F4-EN4,main,en,0,How much did we sell online versus in stores this month?,COMPLETED,correct,all pairs found,"[[""Retail"", ""1029716.0"", ""9294"", ""230.72"", ""48.8""], [""Online"", ""612005.0"", ""5595"", ""208.52"", ""48.6""]]",22.7
C_definitions,F4,F4-EN5,main,en,0,Break down this month's revenue between Online and Retail,COMPLETED,correct,all pairs found,"[[""Retail"", ""1029716.0""], [""Online"", ""612005.0""]]",19.4
C_definitions,F4,F4-FR1,main,fr,0,Comment se compare le web aux magasins ce mois-ci ?,COMPLETED,correct,all pairs found,"[[""Retail"", ""1029716.0"", ""9294"", ""230.72"", ""48.8""], [""Online"", ""612005.0"", ""5595"", ""208.52"", ""48.6""]]",19.4
C_definitions,F4,F4-FR1,main,fr,1,Comment se compare le web aux magasins ce mois-ci ?,COMPLETED,correct,all pairs found,"[[""Retail"", ""1029716.0"", ""9294"", ""230.72"", ""48.8""], [""Online"", ""612005.0"", ""5595"", ""208.52"", ""48.6""]]",22.4
C_definitions,F4,F4-FR1,main,fr,2,Comment se compare le web aux magasins ce mois-ci ?,COMPLETED,correct,all pairs found,"[[""Retail"", ""1029716.0"", ""9294"", ""230.72"", ""48.8""], [""Online"", ""612005.0"", ""5595"", ""208.52"", ""48.6""]]",19.4
C_definitions,F4,F4-FR2,main,fr,0,CA en ligne vs CA magasins ce mois-ci ?,COMPLETED,correct,all pairs found,"[[""Retail"", ""1029716.0""], [""Online"", ""612005.0""]]",19.4
C_definitions,F4,F4-FR3,main,fr,0,Répartition du chiffre d'affaires par canal ce mois-ci,COMPLETED,correct,all pairs found,"[[""Retail"", ""1029716.0""], [""Online"", ""612005.0""]]",16.6
C_definitions,F4,F4-FR4,main,fr,0,Combien on a vendu sur internet et en boutique ce mois-ci ?,COMPLETED,correct,all pairs found,"[[""Retail"", ""1029716.0"", ""9294"", ""230.72"", ""48.8""], [""Online"", ""612005.0"", ""5595"", ""208.52"", ""48.6""]]",25.7
C_definitions,F4,F4-FR5,main,fr,0,Ventes du mois : digital contre physique ?,COMPLETED,correct,all pairs found,"[[""Retail"", ""1029716.0"", ""9294"", ""230.72"", ""48.8""], [""Online"", ""612005.0"", ""5595"", ""208.52"", ""48.6""]]",19.5
C_definitions,F5,F5-HEN1,holdout,en,0,Total sales for the month before this one?,COMPLETED,correct,expected value 1756281.0 found,"[[""1756281.0""]]",16.2
C_definitions,F5,F5-HEN2,holdout,en,0,How did revenue land last month?,COMPLETED,correct,expected value 1756281.0 found,"[[""1756281.0""]]",19.4
C_definitions,F5,F5-HFR1,holdout,fr,0,On a fait combien de CA en M-1 ?,COMPLETED,trap_hit,trap value 1641721.0 found,"[[""1641721.0""]]",22.7
C_definitions,F5,F5-HFR2,holdout,fr,0,Le CA réalisé le mois d'avant ?,COMPLETED,correct,expected value 1756281.0 found,"[[""1756281.0""]]",19.4
C_definitions,F5,F5-EN1,main,en,0,What was our total revenue last month?,COMPLETED,correct,expected value 1756281.0 found,"[[""1756281.0""]]",19.3
C_definitions,F5,F5-EN1,main,en,1,What was our total revenue last month?,COMPLETED,correct,expected value 1756281.0 found,"[[""1756281.0""]]",16.2
C_definitions,F5,F5-EN1,main,en,2,What was our total revenue last month?,COMPLETED,correct,expected value 1756281.0 found,"[[""1756281.0""]]",19.3
C_definitions,F5,F5-EN2,main,en,0,How much did we sell last month?,COMPLETED,correct,expected value 1756281.0 found,"[[""1756281.0""]]",19.5
C_definitions,F5,F5-EN3,main,en,0,Last month's net sales?,COMPLETED,correct,expected value 1756281.0 found,"[[""1756281.0""]]",19.4
C_definitions,F5,F5-EN4,main,en,0,Revenue for the previous month,COMPLETED,correct,expected value 1756281.0 found,"[[""1756281.0""]]",19.5
C_definitions,F5,F5-EN5,main,en,0,What did we do in sales in the prior month?,COMPLETED,trap_hit,trap value 1641721.0 found,"[[""1641721.0""]]",22.6
C_definitions,F5,F5-FR1,main,fr,0,Quel a été notre chiffre d'affaires le mois dernier ?,COMPLETED,correct,expected value 1756281.0 found,"[[""1756281.0""]]",16.3
C_definitions,F5,F5-FR1,main,fr,1,Quel a été notre chiffre d'affaires le mois dernier ?,COMPLETED,correct,expected value 1756281.0 found,"[[""1756281.0""]]",22.7
C_definitions,F5,F5-FR1,main,fr,2,Quel a été notre chiffre d'affaires le mois dernier ?,COMPLETED,correct,expected value 1756281.0 found,"[[""1756281.0""]]",16.3
C_definitions,F5,F5-FR2,main,fr,0,Combien on a vendu le mois dernier ?,COMPLETED,correct,expected value 1756281.0 found,"[[""1756281.0""]]",19.4
C_definitions,F5,F5-FR3,main,fr,0,CA M-1 ?,COMPLETED,trap_hit,trap value 1641721.0 found,"[[""1641721.0""]]",19.4
C_definitions,F5,F5-FR4,main,fr,0,Le CA du mois précédent ?,COMPLETED,correct,expected value 1756281.0 found,"[[""2026-09"", ""1756281.0""]]",19.4
C_definitions,F5,F5-FR5,main,fr,0,Quelles étaient nos ventes totales le mois passé ?,COMPLETED,correct,expected value 1756281.0 found,"[[""1756281.0""]]",28.8
C_definitions,F6,F6-EN1,main,en,0,Which region sold the most this month?,COMPLETED,correct,right label and right amount,"[[""Northeast"", ""475867.0""]]",22.6
C_definitions,F6,F6-EN1,main,en,1,Which region sold the most this month?,COMPLETED,correct,right label and right amount,"[[""Northeast"", ""475867.0""]]",22.4
C_definitions,F6,F6-EN1,main,en,2,Which region sold the most this month?,COMPLETED,correct,right label and right amount,"[[""Northeast"", ""475867.0""]]",22.5
C_definitions,F6,F6-EN2,main,en,0,What's our top region by revenue this month?,COMPLETED,correct,right label and right amount,"[[""Northeast"", ""475867.0""]]",19.6
C_definitions,F6,F6-EN3,main,en,0,Best performing region in sales this month?,COMPLETED,correct,right label and right amount,"[[""Northeast"", ""475867.0""]]",22.5
C_definitions,F6,F6-EN4,main,en,0,Where did we generate the most revenue this month?,COMPLETED,correct,right label and right amount,"[[""Northeast"", ""475867.0""]]",19.5
C_definitions,F6,F6-EN5,main,en,0,Which region leads in sales this month?,COMPLETED,correct,right label and right amount,"[[""Northeast"", ""475867.0""]]",22.5
C_definitions,F6,F6-FR1,main,fr,0,Quelle région a le plus vendu ce mois-ci ?,COMPLETED,correct,right label and right amount,"[[""Northeast"", ""475867.0""]]",19.3
C_definitions,F6,F6-FR1,main,fr,1,Quelle région a le plus vendu ce mois-ci ?,COMPLETED,correct,right label and right amount,"[[""Northeast"", ""475867.0""]]",16.2
C_definitions,F6,F6-FR1,main,fr,2,Quelle région a le plus vendu ce mois-ci ?,COMPLETED,correct,right label and right amount,"[[""Northeast"", ""475867.0""]]",22.4
C_definitions,F6,F6-FR2,main,fr,0,Quelle est notre meilleure région en CA ce mois-ci ?,COMPLETED,correct,right label and right amount,"[[""Northeast"", ""475867.0""]]",31.9
C_definitions,F6,F6-FR3,main,fr,0,Où est-ce qu'on fait le plus de chiffre ce mois-ci ?,COMPLETED,correct,right label and right amount,"[[""Northeast"", ""475867.0""]]",25.6
C_definitions,F6,F6-FR4,main,fr,0,Région numéro un en ventes ce mois ?,COMPLETED,correct,right label and right amount,"[[""Northeast"", ""475867.0""]]",19.4
C_definitions,F6,F6-FR5,main,fr,0,Quelle région arrive en tête du chiffre d'affaires ce mois-ci ?,COMPLETED,correct,right label and right amount,"[[""Northeast"", ""475867.0""]]",22.5
C_definitions,F7,F7-EN1,main,en,0,What's the average order value by channel this month?,COMPLETED,correct,all pairs found,"[[""Retail"", ""230.72""], [""Online"", ""208.52""]]",16.3
C_definitions,F7,F7-EN1,main,en,1,What's the average order value by channel this month?,COMPLETED,correct,all pairs found,"[[""Retail"", ""230.72""], [""Online"", ""208.52""]]",19.4
C_definitions,F7,F7-EN1,main,en,2,What's the average order value by channel this month?,COMPLETED,correct,all pairs found,"[[""Retail"", ""230.72""], [""Online"", ""208.52""]]",19.4
C_definitions,F7,F7-EN2,main,en,0,AOV for Online vs Retail this month?,COMPLETED,correct,all pairs found,"[[""Retail"", ""230.72""], [""Online"", ""208.52""]]",19.4
C_definitions,F7,F7-EN3,main,en,0,Average basket size per channel this month,COMPLETED,correct,all pairs found,"[[""Retail"", ""230.72""], [""Online"", ""208.52""]]",22.4
C_definitions,F7,F7-EN4,main,en,0,How much does a typical order spend in each channel this month?,COMPLETED,correct,all pairs found,"[[""Retail"", ""230.72""], [""Online"", ""208.52""]]",25.6
C_definitions,F7,F7-EN5,main,en,0,Average ticket by channel for the current month,COMPLETED,correct,all pairs found,"[[""Retail"", ""230.72""], [""Online"", ""208.52""]]",19.4
C_definitions,F7,F7-FR1,main,fr,0,Quel est le panier moyen par canal ce mois-ci ?,COMPLETED,correct,all pairs found,"[[""Retail"", ""230.72""], [""Online"", ""208.52""]]",16.2
C_definitions,F7,F7-FR1,main,fr,1,Quel est le panier moyen par canal ce mois-ci ?,COMPLETED,correct,all pairs found,"[[""Retail"", ""231.0""], [""Online"", ""209.0""]]",19.3
C_definitions,F7,F7-FR1,main,fr,2,Quel est le panier moyen par canal ce mois-ci ?,COMPLETED,correct,all pairs found,"[[""Retail"", ""230.72""], [""Online"", ""208.52""]]",19.3
C_definitions,F7,F7-FR2,main,fr,0,Panier moyen web vs magasin ce mois-ci ?,COMPLETED,correct,all pairs found,"[[""Retail"", ""230.72""], [""Online"", ""208.52""]]",19.4
C_definitions,F7,F7-FR3,main,fr,0,"Combien dépense un client par commande, selon le canal, ce mois-ci ?",COMPLETED,correct,all pairs found,"[[""Retail"", ""230.72""], [""Online"", ""208.52""]]",16.3
C_definitions,F7,F7-FR4,main,fr,0,Le ticket moyen par canal ce mois ?,COMPLETED,correct,all pairs found,"[[""Retail"", ""230.72""], [""Online"", ""208.52""]]",16.2
C_definitions,F7,F7-FR5,main,fr,0,Montant moyen d'une commande en ligne et en magasin ce mois-ci ?,COMPLETED,correct,all pairs found,"[[""Retail"", ""230.72""], [""Online"", ""208.52""]]",19.3
C_definitions,F8,F8-HEN1,holdout,en,0,"In the previous quarter, how much of our revenue was discounted, as a percentage?",COMPLETED,incorrect,"expected 53.6, got [7.6]","[[""7.6""]]",41.2
C_definitions,F8,F8-HEN2,holdout,en,0,Promo share of sales for last quarter?,COMPLETED,correct,expected value 53.6 found,"[[""53.6""]]",31.9
C_definitions,F8,F8-HFR1,holdout,fr,0,"Sur le trimestre précédent, quel % du CA a été fait en promo ?",COMPLETED,correct,expected value 53.6 found,"[[""53.6""]]",35.0
C_definitions,F8,F8-HFR2,holdout,fr,0,Poids des ventes remisées dans le CA du dernier trimestre ?,COMPLETED,correct,expected value 53.6 found,"[[""53.6""]]",41.2
C_definitions,F8,F8-EN1,main,en,0,What share of revenue came from discounted sales last quarter?,COMPLETED,correct,expected value 53.6 found,"[[""53.6""]]",28.7
C_definitions,F8,F8-EN1,main,en,1,What share of revenue came from discounted sales last quarter?,COMPLETED,correct,expected value 53.6 found,"[[""53.6""]]",22.5
C_definitions,F8,F8-EN1,main,en,2,What share of revenue came from discounted sales last quarter?,COMPLETED,correct,expected value 53.6 found,"[[""53.6""]]",25.6
C_definitions,F8,F8-EN2,main,en,0,What percentage of last quarter's sales were on promotion?,COMPLETED,correct,expected value 53.6 found,"[[""53.6""]]",22.5
C_definitions,F8,F8-EN3,main,en,0,"As a percent, how much of last quarter's revenue came from marked-down items?",COMPLETED,correct,expected value 53.6 found,"[[""53.6""]]",38.1
C_definitions,F8,F8-EN4,main,en,0,"Discounted revenue as a % of total, previous quarter",COMPLETED,correct,expected value 53.6 found,"[[""53.6""]]",25.6
C_definitions,F8,F8-EN5,main,en,0,"Last quarter, what portion of sales had a discount applied?",COMPLETED,correct,expected value 53.6 found,"[[""53.6""]]",28.7
C_definitions,F8,F8-FR1,main,fr,0,Quelle part du CA a été réalisée avec une remise le trimestre dernier ?,COMPLETED,correct,expected value 53.6 found,"[[""53.4""]]",25.7
C_definitions,F8,F8-FR1,main,fr,1,Quelle part du CA a été réalisée avec une remise le trimestre dernier ?,COMPLETED,correct,expected value 53.6 found,"[[""53.4""]]",22.7
C_definitions,F8,F8-FR1,main,fr,2,Quelle part du CA a été réalisée avec une remise le trimestre dernier ?,COMPLETED,correct,expected value 53.6 found,"[[""53.6""]]",44.4
C_definitions,F8,F8-FR2,main,fr,0,Quel pourcentage des ventes du trimestre précédent était en promo ?,COMPLETED,correct,expected value 53.6 found,"[[""53.6""]]",41.2
C_definitions,F8,F8-FR3,main,fr,0,Part du chiffre d'affaires remisé sur le trimestre dernier ?,COMPLETED,correct,expected value 53.6 found,"[[""53.6""]]",32.0
C_definitions,F8,F8-FR4,main,fr,0,"Combien de notre CA du trimestre passé vient de ventes avec réduction, en % ?",COMPLETED,correct,expected value 53.6 found,"[[""53.6""]]",28.7
C_definitions,F8,F8-FR5,main,fr,0,Taux de CA promo le trimestre dernier ?,COMPLETED,correct,expected value 53.6 found,"[[""53.6""]]",25.7
D_fixed_rule,F1,F1-EN1,main,en,0,How are sales pacing against our monthly target?,COMPLETED,correct,"values ['company_actual_revenue', 'company_target'] found","[[""1641721.0"", ""1683000.0"", ""-41279.0"", ""97.5"", ""OFF TRACK""]]",16.4
D_fixed_rule,F1,F1-EN1,main,en,1,How are sales pacing against our monthly target?,COMPLETED,correct,"values ['company_actual_revenue', 'company_target'] found","[[""1641721.0"", ""1683000.0"", ""-41279.0"", ""97.5"", ""OFF TRACK""]]",16.2
D_fixed_rule,F1,F1-EN1,main,en,2,How are sales pacing against our monthly target?,COMPLETED,correct,"values ['company_actual_revenue', 'company_target'] found","[[""1641721.0"", ""1683000.0"", ""-41279.0"", ""97.5"", ""OFF TRACK""]]",28.8
D_fixed_rule,F1,F1-EN2,main,en,0,Are we on track to hit this month's revenue target?,COMPLETED,correct,"values ['company_actual_revenue', 'company_target'] found","[[""1641721.0"", ""1683000.0"", ""-41279.0"", ""97.5"", ""OFF TRACK""]]",28.8
D_fixed_rule,F1,F1-EN3,main,en,0,Revenue vs target this month?,COMPLETED,correct,"values ['company_actual_revenue', 'company_target'] found","[[""1641721.0"", ""1683000.0"", ""-41279.0"", ""97.5"", ""OFF TRACK""]]",19.3
D_fixed_rule,F1,F1-EN4,main,en,0,Are we beating or missing plan this month?,COMPLETED,correct,"values ['company_actual_revenue', 'company_target'] found","[[""1641721.0"", ""1683000.0"", ""-41279.0"", ""97.5"", ""OFF TRACK""]]",22.6
D_fixed_rule,F1,F1-EN5,main,en,0,What's our percent to target for the current month?,COMPLETED,correct,values ['pct_to_target'] found,"[[""97.5""]]",16.5
D_fixed_rule,F1,F1-FR1,main,fr,0,Est-ce qu'on est en ligne avec l'objectif de CA ce mois-ci ?,COMPLETED,correct,"values ['company_actual_revenue', 'company_target'] found","[[""1641721.0"", ""1683000.0"", ""-41279.0"", ""97.5"", ""OFF TRACK""]]",19.4
D_fixed_rule,F1,F1-FR1,main,fr,1,Est-ce qu'on est en ligne avec l'objectif de CA ce mois-ci ?,COMPLETED,correct,"values ['company_actual_revenue', 'company_target'] found","[[""1641721.0"", ""1683000.0"", ""-41279.0"", ""97.5"", ""OFF TRACK""]]",35.1
D_fixed_rule,F1,F1-FR1,main,fr,2,Est-ce qu'on est en ligne avec l'objectif de CA ce mois-ci ?,COMPLETED,correct,"values ['company_actual_revenue', 'company_target'] found","[[""1641721.0"", ""1683000.0"", ""-41279.0"", ""97.5"", ""OFF TRACK""]]",28.8
D_fixed_rule,F1,F1-FR2,main,fr,0,Où en est le réalisé par rapport au budget ce mois-ci ?,COMPLETED,correct,"values ['company_actual_revenue', 'company_target'] found","[[""1641721.0"", ""1683000.0"", ""-41279.0"", ""97.5"", ""OFF TRACK""]]",19.4
D_fixed_rule,F1,F1-FR3,main,fr,0,On atteint l'objectif de ventes du mois ?,COMPLETED,correct,"values ['company_actual_revenue', 'company_target'] found","[[""1641721.0"", ""1683000.0"", ""-41279.0"", ""97.5"", ""OFF TRACK""]]",22.5
D_fixed_rule,F1,F1-FR4,main,fr,0,Quel est notre taux d'atteinte de l'objectif ce mois-ci ?,COMPLETED,correct,values ['pct_to_target'] found,"[[""97.5""]]",19.5
D_fixed_rule,F1,F1-FR5,main,fr,0,CA du mois vs objectif ?,COMPLETED,correct,"values ['company_actual_revenue', 'company_target'] found","[[""1641721.0"", ""1683000.0"", ""-41279.0"", ""97.5"", ""OFF TRACK""]]",22.5
D_fixed_rule,F2,F2-EN1,main,en,0,"Which regions are missing target this month, worst first?",COMPLETED,correct,"complete list, extra labels are explicitly marked as on track","[[""West"", ""396874.0"", ""520000.0"", ""-123126.0"", ""76.3"", ""OFF TRACK""], [""South"", ""397442.0"", ""373000.0"", ""24442.0"", ""106.6"", ""ON TRACK""], [""Midwest"", ""371538.0"", ""348000.0"", ""23538.0"", ""106.8"", ""ON TRACK""], [""Northeast"", ""475867.0"", ""442000.0"", ""33867.0"", ""107.7"", ""ON TRACK""]]",28.8
D_fixed_rule,F2,F2-EN1,main,en,1,"Which regions are missing target this month, worst first?",COMPLETED,correct,"complete list, extra labels are explicitly marked as on track","[[""West"", ""396874.0"", ""520000.0"", ""-123126.0"", ""76.3"", ""OFF TRACK""], [""South"", ""397442.0"", ""373000.0"", ""24442.0"", ""106.6"", ""ON TRACK""], [""Midwest"", ""371538.0"", ""348000.0"", ""23538.0"", ""106.8"", ""ON TRACK""], [""Northeast"", ""475867.0"", ""442000.0"", ""33867.0"", ""107.7"", ""ON TRACK""]]",22.4
D_fixed_rule,F2,F2-EN1,main,en,2,"Which regions are missing target this month, worst first?",COMPLETED,correct,"complete list, extra labels are explicitly marked as on track","[[""West"", ""396874.0"", ""520000.0"", ""-123126.0"", ""76.3"", ""OFF TRACK""], [""South"", ""397442.0"", ""373000.0"", ""24442.0"", ""106.6"", ""ON TRACK""], [""Midwest"", ""371538.0"", ""348000.0"", ""23538.0"", ""106.8"", ""ON TRACK""], [""Northeast"", ""475867.0"", ""442000.0"", ""33867.0"", ""107.7"", ""ON TRACK""]]",23.1
D_fixed_rule,F2,F2-EN2,main,en,0,Which regions are below their revenue target this month?,COMPLETED,correct,identical set,"[[""West"", ""396874.0"", ""520000.0"", ""-123126.0"", ""76.3"", ""OFF TRACK""]]",28.9
D_fixed_rule,F2,F2-EN3,main,en,0,Where are we falling short of target this month?,COMPLETED,correct,identical set,"[[""West"", ""396874.0"", ""520000.0"", ""-123126.0"", ""76.3"", ""OFF TRACK""]]",22.7
D_fixed_rule,F2,F2-EN4,main,en,0,List the regions that are off track vs plan this month.,COMPLETED,correct,identical set,"[[""West"", ""396874.0"", ""520000.0"", ""-123126.0"", ""76.3"", ""OFF TRACK""]]",22.6
D_fixed_rule,F2,F2-EN5,main,en,0,Which regions haven't hit their monthly goal?,COMPLETED,correct,identical set,"[[""West"", ""396874.0"", ""520000.0"", ""-123126.0"", ""76.3"", ""OFF TRACK""]]",19.3
D_fixed_rule,F2,F2-FR1,main,fr,0,Quelles régions sont sous l'objectif ce mois-ci ?,COMPLETED,correct,identical set,"[[""West"", ""396874.0"", ""520000.0"", ""-123126.0"", ""76.3"", ""OFF TRACK""]]",25.7
D_fixed_rule,F2,F2-FR1,main,fr,1,Quelles régions sont sous l'objectif ce mois-ci ?,COMPLETED,correct,identical set,"[[""West"", ""396874.0"", ""520000.0"", ""-123126.0"", ""76.3"", ""OFF TRACK""]]",22.5
D_fixed_rule,F2,F2-FR1,main,fr,2,Quelles régions sont sous l'objectif ce mois-ci ?,COMPLETED,correct,identical set,"[[""West"", ""396874.0"", ""520000.0"", ""-123126.0"", ""76.3"", ""OFF TRACK""]]",19.5
D_fixed_rule,F2,F2-FR2,main,fr,0,Quelles régions n'atteignent pas leur budget ce mois-ci ?,COMPLETED,correct,identical set,"[[""West"", ""396874.0"", ""520000.0"", ""-123126.0"", ""76.3"", ""OFF TRACK""]]",22.5
D_fixed_rule,F2,F2-FR3,main,fr,0,Où est-ce qu'on est en retard sur l'objectif ce mois-ci ?,COMPLETED,correct,identical set,"[[""West"", ""396874.0"", ""520000.0"", ""-123126.0"", ""76.3"", ""OFF TRACK""]]",22.5
D_fixed_rule,F2,F2-FR4,main,fr,0,Liste des régions en dessous du budget ce mois.,COMPLETED,correct,identical set,"[[""West"", ""396874.0"", ""520000.0"", ""-123126.0"", ""76.3"", ""OFF TRACK""]]",19.4
D_fixed_rule,F2,F2-FR5,main,fr,0,Quelles régions décrochent par rapport à l'objectif ce mois-ci ?,COMPLETED,correct,"complete list, extra labels are explicitly marked as on track","[[""West"", ""396874.0"", ""520000.0"", ""-123126.0"", ""76.3"", ""OFF TRACK""], [""South"", ""397442.0"", ""373000.0"", ""24442.0"", ""106.6"", ""ON TRACK""], [""Midwest"", ""371538.0"", ""348000.0"", ""23538.0"", ""106.8"", ""ON TRACK""], [""Northeast"", ""475867.0"", ""442000.0"", ""33867.0"", ""107.7"", ""ON TRACK""]]",19.6
D_fixed_rule,F3,F3-EN1,main,en,0,What are our top 10 products by revenue this month?,COMPLETED,correct,identical set,"[[""SKU-1009"", ""Aera Wireless Earbuds Pro"", ""Electronics"", ""155200.0"", ""1296"", ""105952.0""], [""SKU-1042"", ""Summit 600 Down Jacket"", ""Apparel"", ""134937.0"", ""670"", ""73297.0""], [""SKU-1060"", ""Trailhead Headlamp"", ""Electronics"", ""83182.0"", ""239"", ""39493.0""], [""SKU-1018"", ""Aera Hiking Pants"", ""Apparel"", ""69862.0"", ""373"", ""30029.0""], [""SKU-1057"", ""Summit Alpine Sleeping Bag"", ""Outdoor & Camping"", ""69169.0"", ""362"", ""32223.0""], [""SKU-1013"", ""Cascade Storage Crate"", ""Home & Kitchen"", ""58253.0"", ""321"", ""24310.0""], [""SKU-1050"", ""Aera Insulated Vest"", ""Apparel"", ""56271.0"", ""277"", ""25023.0""], [""SKU-1034"", ""Aera Merino Tee"", ""Apparel"", ""55452.0"", ""339"", ""26898.0""], [""SKU-1001"", ""Summit Ridge Tent"", ""Outdoor & Camping"", ""46549.0"", ""357"", ""17986.0""], [""SKU-1028"", ""Trailhead Action Cam"", ""Electronics"", ""44029.0"", ""142"", ""19531.0""]]",19.5
D_fixed_rule,F3,F3-EN1,main,en,1,What are our top 10 products by revenue this month?,COMPLETED,correct,identical set,"[[""SKU-1009"", ""Aera Wireless Earbuds Pro"", ""Electronics"", ""155200.0"", ""1296"", ""105952.0""], [""SKU-1042"", ""Summit 600 Down Jacket"", ""Apparel"", ""134937.0"", ""670"", ""73297.0""], [""SKU-1060"", ""Trailhead Headlamp"", ""Electronics"", ""83182.0"", ""239"", ""39493.0""], [""SKU-1018"", ""Aera Hiking Pants"", ""Apparel"", ""69862.0"", ""373"", ""30029.0""], [""SKU-1057"", ""Summit Alpine Sleeping Bag"", ""Outdoor & Camping"", ""69169.0"", ""362"", ""32223.0""], [""SKU-1013"", ""Cascade Storage Crate"", ""Home & Kitchen"", ""58253.0"", ""321"", ""24310.0""], [""SKU-1050"", ""Aera Insulated Vest"", ""Apparel"", ""56271.0"", ""277"", ""25023.0""], [""SKU-1034"", ""Aera Merino Tee"", ""Apparel"", ""55452.0"", ""339"", ""26898.0""], [""SKU-1001"", ""Summit Ridge Tent"", ""Outdoor & Camping"", ""46549.0"", ""357"", ""17986.0""], [""SKU-1028"", ""Trailhead Action Cam"", ""Electronics"", ""44029.0"", ""142"", ""19531.0""]]",13.1
D_fixed_rule,F3,F3-EN1,main,en,2,What are our top 10 products by revenue this month?,COMPLETED,correct,identical set,"[[""SKU-1009"", ""Aera Wireless Earbuds Pro"", ""Electronics"", ""155200.0"", ""1296"", ""105952.0""], [""SKU-1042"", ""Summit 600 Down Jacket"", ""Apparel"", ""134937.0"", ""670"", ""73297.0""], [""SKU-1060"", ""Trailhead Headlamp"", ""Electronics"", ""83182.0"", ""239"", ""39493.0""], [""SKU-1018"", ""Aera Hiking Pants"", ""Apparel"", ""69862.0"", ""373"", ""30029.0""], [""SKU-1057"", ""Summit Alpine Sleeping Bag"", ""Outdoor & Camping"", ""69169.0"", ""362"", ""32223.0""], [""SKU-1013"", ""Cascade Storage Crate"", ""Home & Kitchen"", ""58253.0"", ""321"", ""24310.0""], [""SKU-1050"", ""Aera Insulated Vest"", ""Apparel"", ""56271.0"", ""277"", ""25023.0""], [""SKU-1034"", ""Aera Merino Tee"", ""Apparel"", ""55452.0"", ""339"", ""26898.0""], [""SKU-1001"", ""Summit Ridge Tent"", ""Outdoor & Camping"", ""46549.0"", ""357"", ""17986.0""], [""SKU-1028"", ""Trailhead Action Cam"", ""Electronics"", ""44029.0"", ""142"", ""19531.0""]]",16.3
D_fixed_rule,F3,F3-EN2,main,en,0,Show me the 10 best-selling products this month by sales.,COMPLETED,correct,identical set,"[[""SKU-1009"", ""Aera Wireless Earbuds Pro"", ""Electronics"", ""155200.0"", ""1296"", ""105952.0""], [""SKU-1042"", ""Summit 600 Down Jacket"", ""Apparel"", ""134937.0"", ""670"", ""73297.0""], [""SKU-1060"", ""Trailhead Headlamp"", ""Electronics"", ""83182.0"", ""239"", ""39493.0""], [""SKU-1018"", ""Aera Hiking Pants"", ""Apparel"", ""69862.0"", ""373"", ""30029.0""], [""SKU-1057"", ""Summit Alpine Sleeping Bag"", ""Outdoor & Camping"", ""69169.0"", ""362"", ""32223.0""], [""SKU-1013"", ""Cascade Storage Crate"", ""Home & Kitchen"", ""58253.0"", ""321"", ""24310.0""], [""SKU-1050"", ""Aera Insulated Vest"", ""Apparel"", ""56271.0"", ""277"", ""25023.0""], [""SKU-1034"", ""Aera Merino Tee"", ""Apparel"", ""55452.0"", ""339"", ""26898.0""], [""SKU-1001"", ""Summit Ridge Tent"", ""Outdoor & Camping"", ""46549.0"", ""357"", ""17986.0""], [""SKU-1028"", ""Trailhead Action Cam"", ""Electronics"", ""44029.0"", ""142"", ""19531.0""]]",19.4
D_fixed_rule,F3,F3-EN3,main,en,0,Top 10 SKUs by revenue this month,COMPLETED,correct,identical set,"[[""SKU-1009"", ""Aera Wireless Earbuds Pro"", ""Electronics"", ""155200.0"", ""1296"", ""105952.0""], [""SKU-1042"", ""Summit 600 Down Jacket"", ""Apparel"", ""134937.0"", ""670"", ""73297.0""], [""SKU-1060"", ""Trailhead Headlamp"", ""Electronics"", ""83182.0"", ""239"", ""39493.0""], [""SKU-1018"", ""Aera Hiking Pants"", ""Apparel"", ""69862.0"", ""373"", ""30029.0""], [""SKU-1057"", ""Summit Alpine Sleeping Bag"", ""Outdoor & Camping"", ""69169.0"", ""362"", ""32223.0""], [""SKU-1013"", ""Cascade Storage Crate"", ""Home & Kitchen"", ""58253.0"", ""321"", ""24310.0""], [""SKU-1050"", ""Aera Insulated Vest"", ""Apparel"", ""56271.0"", ""277"", ""25023.0""], [""SKU-1034"", ""Aera Merino Tee"", ""Apparel"", ""55452.0"", ""339"", ""26898.0""], [""SKU-1001"", ""Summit Ridge Tent"", ""Outdoor & Camping"", ""46549.0"", ""357"", ""17986.0""], [""SKU-1028"", ""Trailhead Action Cam"", ""Electronics"", ""44029.0"", ""142"", ""19531.0""]]",19.5
D_fixed_rule,F3,F3-EN4,main,en,0,Which ten products brought in the most money this month?,COMPLETED,correct,identical set,"[[""SKU-1009"", ""Aera Wireless Earbuds Pro"", ""Electronics"", ""155200.0"", ""1296"", ""105952.0""], [""SKU-1042"", ""Summit 600 Down Jacket"", ""Apparel"", ""134937.0"", ""670"", ""73297.0""], [""SKU-1060"", ""Trailhead Headlamp"", ""Electronics"", ""83182.0"", ""239"", ""39493.0""], [""SKU-1018"", ""Aera Hiking Pants"", ""Apparel"", ""69862.0"", ""373"", ""30029.0""], [""SKU-1057"", ""Summit Alpine Sleeping Bag"", ""Outdoor & Camping"", ""69169.0"", ""362"", ""32223.0""], [""SKU-1013"", ""Cascade Storage Crate"", ""Home & Kitchen"", ""58253.0"", ""321"", ""24310.0""], [""SKU-1050"", ""Aera Insulated Vest"", ""Apparel"", ""56271.0"", ""277"", ""25023.0""], [""SKU-1034"", ""Aera Merino Tee"", ""Apparel"", ""55452.0"", ""339"", ""26898.0""], [""SKU-1001"", ""Summit Ridge Tent"", ""Outdoor & Camping"", ""46549.0"", ""357"", ""17986.0""], [""SKU-1028"", ""Trailhead Action Cam"", ""Electronics"", ""44029.0"", ""142"", ""19531.0""]]",19.4
D_fixed_rule,F3,F3-EN5,main,en,0,"Best sellers this month, top 10 by revenue",COMPLETED,correct,identical set,"[[""SKU-1009"", ""Aera Wireless Earbuds Pro"", ""Electronics"", ""155200.0"", ""1296"", ""105952.0""], [""SKU-1042"", ""Summit 600 Down Jacket"", ""Apparel"", ""134937.0"", ""670"", ""73297.0""], [""SKU-1060"", ""Trailhead Headlamp"", ""Electronics"", ""83182.0"", ""239"", ""39493.0""], [""SKU-1018"", ""Aera Hiking Pants"", ""Apparel"", ""69862.0"", ""373"", ""30029.0""], [""SKU-1057"", ""Summit Alpine Sleeping Bag"", ""Outdoor & Camping"", ""69169.0"", ""362"", ""32223.0""], [""SKU-1013"", ""Cascade Storage Crate"", ""Home & Kitchen"", ""58253.0"", ""321"", ""24310.0""], [""SKU-1050"", ""Aera Insulated Vest"", ""Apparel"", ""56271.0"", ""277"", ""25023.0""], [""SKU-1034"", ""Aera Merino Tee"", ""Apparel"", ""55452.0"", ""339"", ""26898.0""], [""SKU-1001"", ""Summit Ridge Tent"", ""Outdoor & Camping"", ""46549.0"", ""357"", ""17986.0""], [""SKU-1028"", ""Trailhead Action Cam"", ""Electronics"", ""44029.0"", ""142"", ""19531.0""]]",16.3
D_fixed_rule,F3,F3-FR1,main,fr,0,Quels sont nos 10 produits qui font le plus de CA ce mois-ci ?,COMPLETED,correct,identical set,"[[""SKU-1009"", ""Aera Wireless Earbuds Pro"", ""Electronics"", ""155200.0"", ""1296"", ""105952.0""], [""SKU-1042"", ""Summit 600 Down Jacket"", ""Apparel"", ""134937.0"", ""670"", ""73297.0""], [""SKU-1060"", ""Trailhead Headlamp"", ""Electronics"", ""83182.0"", ""239"", ""39493.0""], [""SKU-1018"", ""Aera Hiking Pants"", ""Apparel"", ""69862.0"", ""373"", ""30029.0""], [""SKU-1057"", ""Summit Alpine Sleeping Bag"", ""Outdoor & Camping"", ""69169.0"", ""362"", ""32223.0""], [""SKU-1013"", ""Cascade Storage Crate"", ""Home & Kitchen"", ""58253.0"", ""321"", ""24310.0""], [""SKU-1050"", ""Aera Insulated Vest"", ""Apparel"", ""56271.0"", ""277"", ""25023.0""], [""SKU-1034"", ""Aera Merino Tee"", ""Apparel"", ""55452.0"", ""339"", ""26898.0""], [""SKU-1001"", ""Summit Ridge Tent"", ""Outdoor & Camping"", ""46549.0"", ""357"", ""17986.0""], [""SKU-1028"", ""Trailhead Action Cam"", ""Electronics"", ""44029.0"", ""142"", ""19531.0""]]",16.3
D_fixed_rule,F3,F3-FR1,main,fr,1,Quels sont nos 10 produits qui font le plus de CA ce mois-ci ?,COMPLETED,correct,identical set,"[[""SKU-1009"", ""Aera Wireless Earbuds Pro"", ""Electronics"", ""155200.0"", ""1296"", ""105952.0""], [""SKU-1042"", ""Summit 600 Down Jacket"", ""Apparel"", ""134937.0"", ""670"", ""73297.0""], [""SKU-1060"", ""Trailhead Headlamp"", ""Electronics"", ""83182.0"", ""239"", ""39493.0""], [""SKU-1018"", ""Aera Hiking Pants"", ""Apparel"", ""69862.0"", ""373"", ""30029.0""], [""SKU-1057"", ""Summit Alpine Sleeping Bag"", ""Outdoor & Camping"", ""69169.0"", ""362"", ""32223.0""], [""SKU-1013"", ""Cascade Storage Crate"", ""Home & Kitchen"", ""58253.0"", ""321"", ""24310.0""], [""SKU-1050"", ""Aera Insulated Vest"", ""Apparel"", ""56271.0"", ""277"", ""25023.0""], [""SKU-1034"", ""Aera Merino Tee"", ""Apparel"", ""55452.0"", ""339"", ""26898.0""], [""SKU-1001"", ""Summit Ridge Tent"", ""Outdoor & Camping"", ""46549.0"", ""357"", ""17986.0""], [""SKU-1028"", ""Trailhead Action Cam"", ""Electronics"", ""44029.0"", ""142"", ""19531.0""]]",16.3
D_fixed_rule,F3,F3-FR1,main,fr,2,Quels sont nos 10 produits qui font le plus de CA ce mois-ci ?,COMPLETED,correct,identical set,"[[""SKU-1009"", ""Aera Wireless Earbuds Pro"", ""Electronics"", ""155200.0"", ""1296"", ""105952.0""], [""SKU-1042"", ""Summit 600 Down Jacket"", ""Apparel"", ""134937.0"", ""670"", ""73297.0""], [""SKU-1060"", ""Trailhead Headlamp"", ""Electronics"", ""83182.0"", ""239"", ""39493.0""], [""SKU-1018"", ""Aera Hiking Pants"", ""Apparel"", ""69862.0"", ""373"", ""30029.0""], [""SKU-1057"", ""Summit Alpine Sleeping Bag"", ""Outdoor & Camping"", ""69169.0"", ""362"", ""32223.0""], [""SKU-1013"", ""Cascade Storage Crate"", ""Home & Kitchen"", ""58253.0"", ""321"", ""24310.0""], [""SKU-1050"", ""Aera Insulated Vest"", ""Apparel"", ""56271.0"", ""277"", ""25023.0""], [""SKU-1034"", ""Aera Merino Tee"", ""Apparel"", ""55452.0"", ""339"", ""26898.0""], [""SKU-1001"", ""Summit Ridge Tent"", ""Outdoor & Camping"", ""46549.0"", ""357"", ""17986.0""], [""SKU-1028"", ""Trailhead Action Cam"", ""Electronics"", ""44029.0"", ""142"", ""19531.0""]]",16.2
D_fixed_rule,F3,F3-FR2,main,fr,0,Top 10 des produits par chiffre d'affaires ce mois-ci,COMPLETED,correct,identical set,"[[""SKU-1009"", ""Aera Wireless Earbuds Pro"", ""Electronics"", ""155200.0"", ""1296"", ""105952.0""], [""SKU-1042"", ""Summit 600 Down Jacket"", ""Apparel"", ""134937.0"", ""670"", ""73297.0""], [""SKU-1060"", ""Trailhead Headlamp"", ""Electronics"", ""83182.0"", ""239"", ""39493.0""], [""SKU-1018"", ""Aera Hiking Pants"", ""Apparel"", ""69862.0"", ""373"", ""30029.0""], [""SKU-1057"", ""Summit Alpine Sleeping Bag"", ""Outdoor & Camping"", ""69169.0"", ""362"", ""32223.0""], [""SKU-1013"", ""Cascade Storage Crate"", ""Home & Kitchen"", ""58253.0"", ""321"", ""24310.0""], [""SKU-1050"", ""Aera Insulated Vest"", ""Apparel"", ""56271.0"", ""277"", ""25023.0""], [""SKU-1034"", ""Aera Merino Tee"", ""Apparel"", ""55452.0"", ""339"", ""26898.0""], [""SKU-1001"", ""Summit Ridge Tent"", ""Outdoor & Camping"", ""46549.0"", ""357"", ""17986.0""], [""SKU-1028"", ""Trailhead Action Cam"", ""Electronics"", ""44029.0"", ""142"", ""19531.0""]]",16.3
D_fixed_rule,F3,F3-FR3,main,fr,0,Quelles sont les 10 meilleures ventes du mois en valeur ?,COMPLETED,correct,identical set,"[[""SKU-1009"", ""Aera Wireless Earbuds Pro"", ""Electronics"", ""155200.0"", ""1296"", ""105952.0""], [""SKU-1042"", ""Summit 600 Down Jacket"", ""Apparel"", ""134937.0"", ""670"", ""73297.0""], [""SKU-1060"", ""Trailhead Headlamp"", ""Electronics"", ""83182.0"", ""239"", ""39493.0""], [""SKU-1018"", ""Aera Hiking Pants"", ""Apparel"", ""69862.0"", ""373"", ""30029.0""], [""SKU-1057"", ""Summit Alpine Sleeping Bag"", ""Outdoor & Camping"", ""69169.0"", ""362"", ""32223.0""], [""SKU-1013"", ""Cascade Storage Crate"", ""Home & Kitchen"", ""58253.0"", ""321"", ""24310.0""], [""SKU-1050"", ""Aera Insulated Vest"", ""Apparel"", ""56271.0"", ""277"", ""25023.0""], [""SKU-1034"", ""Aera Merino Tee"", ""Apparel"", ""55452.0"", ""339"", ""26898.0""], [""SKU-1001"", ""Summit Ridge Tent"", ""Outdoor & Camping"", ""46549.0"", ""357"", ""17986.0""], [""SKU-1028"", ""Trailhead Action Cam"", ""Electronics"", ""44029.0"", ""142"", ""19531.0""]]",16.3
D_fixed_rule,F3,F3-FR4,main,fr,0,Classement des 10 produits qui rapportent le plus ce mois-ci,COMPLETED,correct,identical set,"[[""SKU-1009"", ""Aera Wireless Earbuds Pro"", ""Electronics"", ""155200.0"", ""1296"", ""105952.0""], [""SKU-1042"", ""Summit 600 Down Jacket"", ""Apparel"", ""134937.0"", ""670"", ""73297.0""], [""SKU-1060"", ""Trailhead Headlamp"", ""Electronics"", ""83182.0"", ""239"", ""39493.0""], [""SKU-1018"", ""Aera Hiking Pants"", ""Apparel"", ""69862.0"", ""373"", ""30029.0""], [""SKU-1057"", ""Summit Alpine Sleeping Bag"", ""Outdoor & Camping"", ""69169.0"", ""362"", ""32223.0""], [""SKU-1013"", ""Cascade Storage Crate"", ""Home & Kitchen"", ""58253.0"", ""321"", ""24310.0""], [""SKU-1050"", ""Aera Insulated Vest"", ""Apparel"", ""56271.0"", ""277"", ""25023.0""], [""SKU-1034"", ""Aera Merino Tee"", ""Apparel"", ""55452.0"", ""339"", ""26898.0""], [""SKU-1001"", ""Summit Ridge Tent"", ""Outdoor & Camping"", ""46549.0"", ""357"", ""17986.0""], [""SKU-1028"", ""Trailhead Action Cam"", ""Electronics"", ""44029.0"", ""142"", ""19531.0""]]",19.4
D_fixed_rule,F3,F3-FR5,main,fr,0,Les 10 références qui génèrent le plus de chiffre ce mois ?,COMPLETED,correct,identical set,"[[""SKU-1009"", ""Aera Wireless Earbuds Pro"", ""Electronics"", ""155200.0"", ""1296"", ""105952.0""], [""SKU-1042"", ""Summit 600 Down Jacket"", ""Apparel"", ""134937.0"", ""670"", ""73297.0""], [""SKU-1060"", ""Trailhead Headlamp"", ""Electronics"", ""83182.0"", ""239"", ""39493.0""], [""SKU-1018"", ""Aera Hiking Pants"", ""Apparel"", ""69862.0"", ""373"", ""30029.0""], [""SKU-1057"", ""Summit Alpine Sleeping Bag"", ""Outdoor & Camping"", ""69169.0"", ""362"", ""32223.0""], [""SKU-1013"", ""Cascade Storage Crate"", ""Home & Kitchen"", ""58253.0"", ""321"", ""24310.0""], [""SKU-1050"", ""Aera Insulated Vest"", ""Apparel"", ""56271.0"", ""277"", ""25023.0""], [""SKU-1034"", ""Aera Merino Tee"", ""Apparel"", ""55452.0"", ""339"", ""26898.0""], [""SKU-1001"", ""Summit Ridge Tent"", ""Outdoor & Camping"", ""46549.0"", ""357"", ""17986.0""], [""SKU-1028"", ""Trailhead Action Cam"", ""Electronics"", ""44029.0"", ""142"", ""19531.0""]]",19.5
D_fixed_rule,F4,F4-EN1,main,en,0,How did Online compare to Retail this month?,COMPLETED,correct,all pairs found,"[[""Retail"", ""1029716.0"", ""9294"", ""230.72"", ""48.8""], [""Online"", ""612005.0"", ""5595"", ""208.52"", ""48.6""]]",19.4
D_fixed_rule,F4,F4-EN1,main,en,1,How did Online compare to Retail this month?,COMPLETED,correct,all pairs found,"[[""Retail"", ""1029716.0"", ""9294"", ""230.72"", ""48.8""], [""Online"", ""612005.0"", ""5595"", ""208.52"", ""48.6""]]",22.4
D_fixed_rule,F4,F4-EN1,main,en,2,How did Online compare to Retail this month?,COMPLETED,correct,all pairs found,"[[""Retail"", ""1029716.0"", ""9294"", ""230.72"", ""48.8""], [""Online"", ""612005.0"", ""5595"", ""208.52"", ""48.6""]]",19.5
D_fixed_rule,F4,F4-EN2,main,en,0,Online vs in-store revenue this month?,COMPLETED,correct,all pairs found,"[[""Retail"", ""1029716.0""], [""Online"", ""612005.0""]]",22.6
D_fixed_rule,F4,F4-EN3,main,en,0,Split revenue by channel for this month,COMPLETED,correct,all pairs found,"[[""Retail"", ""1029716.0""], [""Online"", ""612005.0""]]",13.2
D_fixed_rule,F4,F4-EN4,main,en,0,How much did we sell online versus in stores this month?,COMPLETED,correct,all pairs found,"[[""Retail"", ""1029716.0"", ""9294"", ""230.72"", ""48.8""], [""Online"", ""612005.0"", ""5595"", ""208.52"", ""48.6""]]",19.5
D_fixed_rule,F4,F4-EN5,main,en,0,Break down this month's revenue between Online and Retail,COMPLETED,correct,all pairs found,"[[""Retail"", ""1029716.0""], [""Online"", ""612005.0""]]",16.4
D_fixed_rule,F4,F4-FR1,main,fr,0,Comment se compare le web aux magasins ce mois-ci ?,COMPLETED,correct,all pairs found,"[[""Retail"", ""1029716.0"", ""9294"", ""230.72"", ""48.8""], [""Online"", ""612005.0"", ""5595"", ""208.52"", ""48.6""]]",19.5
D_fixed_rule,F4,F4-FR1,main,fr,1,Comment se compare le web aux magasins ce mois-ci ?,COMPLETED,correct,all pairs found,"[[""Retail"", ""1029716.0"", ""9294"", ""230.72"", ""48.8""], [""Online"", ""612005.0"", ""5595"", ""208.52"", ""48.6""]]",22.9
D_fixed_rule,F4,F4-FR1,main,fr,2,Comment se compare le web aux magasins ce mois-ci ?,COMPLETED,correct,all pairs found,"[[""Retail"", ""1029716.0"", ""9294"", ""230.72"", ""48.8""], [""Online"", ""612005.0"", ""5595"", ""208.52"", ""48.6""]]",19.5
D_fixed_rule,F4,F4-FR2,main,fr,0,CA en ligne vs CA magasins ce mois-ci ?,COMPLETED,correct,all pairs found,"[[""Retail"", ""1029716.0""], [""Online"", ""612005.0""]]",16.3
D_fixed_rule,F4,F4-FR3,main,fr,0,Répartition du chiffre d'affaires par canal ce mois-ci,COMPLETED,correct,all pairs found,"[[""Retail"", ""1029716.0""], [""Online"", ""612005.0""]]",16.3
D_fixed_rule,F4,F4-FR4,main,fr,0,Combien on a vendu sur internet et en boutique ce mois-ci ?,COMPLETED,correct,all pairs found,"[[""Retail"", ""1029716.0""], [""Online"", ""612005.0""]]",19.6
D_fixed_rule,F4,F4-FR5,main,fr,0,Ventes du mois : digital contre physique ?,COMPLETED,correct,all pairs found,"[[""Retail"", ""1029716.0"", ""9294"", ""230.72"", ""48.8""], [""Online"", ""612005.0"", ""5595"", ""208.52"", ""48.6""]]",19.4
D_fixed_rule,F5,F5-HEN1,holdout,en,0,Total sales for the month before this one?,COMPLETED,correct,expected value 1756281.0 found,"[[""1756281.0""]]",16.2
D_fixed_rule,F5,F5-HEN2,holdout,en,0,How did revenue land last month?,COMPLETED,correct,expected value 1756281.0 found,"[[""1756281.0""]]",19.4
D_fixed_rule,F5,F5-HFR1,holdout,fr,0,On a fait combien de CA en M-1 ?,COMPLETED,correct,expected value 1756281.0 found,"[[""1756281.0""]]",16.2
D_fixed_rule,F5,F5-HFR2,holdout,fr,0,Le CA réalisé le mois d'avant ?,COMPLETED,correct,expected value 1756281.0 found,"[[""1756281.0""]]",19.5
D_fixed_rule,F5,F5-EN1,main,en,0,What was our total revenue last month?,COMPLETED,correct,expected value 1756281.0 found,"[[""1756281.0""]]",16.3
D_fixed_rule,F5,F5-EN1,main,en,1,What was our total revenue last month?,COMPLETED,correct,expected value 1756281.0 found,"[[""1756281.0""]]",16.2
D_fixed_rule,F5,F5-EN1,main,en,2,What was our total revenue last month?,COMPLETED,correct,expected value 1756281.0 found,"[[""1756281.0""]]",19.4
D_fixed_rule,F5,F5-EN2,main,en,0,How much did we sell last month?,COMPLETED,correct,expected value 1756281.0 found,"[[""1756281.0""]]",16.3
D_fixed_rule,F5,F5-EN3,main,en,0,Last month's net sales?,COMPLETED,correct,expected value 1756281.0 found,"[[""1756281.0""]]",16.2
D_fixed_rule,F5,F5-EN4,main,en,0,Revenue for the previous month,COMPLETED,correct,expected value 1756281.0 found,"[[""1756281.0""]]",19.3
D_fixed_rule,F5,F5-EN5,main,en,0,What did we do in sales in the prior month?,COMPLETED,correct,expected value 1756281.0 found,"[[""1756281.0""]]",16.3
D_fixed_rule,F5,F5-FR1,main,fr,0,Quel a été notre chiffre d'affaires le mois dernier ?,COMPLETED,correct,expected value 1756281.0 found,"[[""1756281.0""]]",19.4
D_fixed_rule,F5,F5-FR1,main,fr,1,Quel a été notre chiffre d'affaires le mois dernier ?,COMPLETED,correct,expected value 1756281.0 found,"[[""1756281.0""]]",22.6
D_fixed_rule,F5,F5-FR1,main,fr,2,Quel a été notre chiffre d'affaires le mois dernier ?,COMPLETED,correct,expected value 1756281.0 found,"[[""1756281.0""]]",19.4
D_fixed_rule,F5,F5-FR2,main,fr,0,Combien on a vendu le mois dernier ?,COMPLETED,correct,expected value 1756281.0 found,"[[""1756281.0""]]",16.2
D_fixed_rule,F5,F5-FR3,main,fr,0,CA M-1 ?,COMPLETED,correct,expected value 1756281.0 found,"[[""1756281.0""]]",22.4
D_fixed_rule,F5,F5-FR4,main,fr,0,Le CA du mois précédent ?,COMPLETED,correct,expected value 1756281.0 found,"[[""2026-09"", ""1756281.0""]]",19.3
D_fixed_rule,F5,F5-FR5,main,fr,0,Quelles étaient nos ventes totales le mois passé ?,COMPLETED,correct,expected value 1756281.0 found,"[[""1756281.0""]]",19.4
D_fixed_rule,F6,F6-EN1,main,en,0,Which region sold the most this month?,COMPLETED,correct,right label and right amount,"[[""Northeast"", ""475867.0""]]",19.3
D_fixed_rule,F6,F6-EN1,main,en,1,Which region sold the most this month?,COMPLETED,correct,right label and right amount,"[[""Northeast"", ""475867.0""]]",19.3
D_fixed_rule,F6,F6-EN1,main,en,2,Which region sold the most this month?,COMPLETED,correct,right label and right amount,"[[""Northeast"", ""475867.0""]]",22.5
D_fixed_rule,F6,F6-EN2,main,en,0,What's our top region by revenue this month?,COMPLETED,correct,right label and right amount,"[[""Northeast"", ""475867.0""]]",19.3
D_fixed_rule,F6,F6-EN3,main,en,0,Best performing region in sales this month?,COMPLETED,correct,right label and right amount,"[[""Northeast"", ""475867.0""]]",19.7
D_fixed_rule,F6,F6-EN4,main,en,0,Where did we generate the most revenue this month?,COMPLETED,correct,right label and right amount,"[[""Northeast"", ""475867.0""]]",22.4
D_fixed_rule,F6,F6-EN5,main,en,0,Which region leads in sales this month?,COMPLETED,correct,right label and right amount,"[[""Northeast"", ""475867.0""]]",19.4
D_fixed_rule,F6,F6-FR1,main,fr,0,Quelle région a le plus vendu ce mois-ci ?,COMPLETED,correct,right label and right amount,"[[""Northeast"", ""475867.0""]]",22.5
D_fixed_rule,F6,F6-FR1,main,fr,1,Quelle région a le plus vendu ce mois-ci ?,COMPLETED,correct,right label and right amount,"[[""Northeast"", ""475867.0""]]",19.4
D_fixed_rule,F6,F6-FR1,main,fr,2,Quelle région a le plus vendu ce mois-ci ?,COMPLETED,correct,right label and right amount,"[[""Northeast"", ""475867.0""]]",19.3
D_fixed_rule,F6,F6-FR2,main,fr,0,Quelle est notre meilleure région en CA ce mois-ci ?,COMPLETED,correct,right label and right amount,"[[""Northeast"", ""475867.0""]]",22.5
D_fixed_rule,F6,F6-FR3,main,fr,0,Où est-ce qu'on fait le plus de chiffre ce mois-ci ?,COMPLETED,correct,right label and right amount,"[[""Northeast"", ""475867.0""]]",22.6
D_fixed_rule,F6,F6-FR4,main,fr,0,Région numéro un en ventes ce mois ?,COMPLETED,correct,right label and right amount,"[[""Northeast"", ""475867.0""]]",19.4
D_fixed_rule,F6,F6-FR5,main,fr,0,Quelle région arrive en tête du chiffre d'affaires ce mois-ci ?,COMPLETED,correct,right label and right amount,"[[""Northeast"", ""475867.0""]]",19.4
D_fixed_rule,F7,F7-EN1,main,en,0,What's the average order value by channel this month?,COMPLETED,correct,all pairs found,"[[""Retail"", ""230.72""], [""Online"", ""208.52""]]",19.3
D_fixed_rule,F7,F7-EN1,main,en,1,What's the average order value by channel this month?,COMPLETED,correct,all pairs found,"[[""Retail"", ""230.72""], [""Online"", ""208.52""]]",16.4
D_fixed_rule,F7,F7-EN1,main,en,2,What's the average order value by channel this month?,COMPLETED,correct,all pairs found,"[[""Retail"", ""230.72""], [""Online"", ""208.52""]]",16.2
D_fixed_rule,F7,F7-EN2,main,en,0,AOV for Online vs Retail this month?,COMPLETED,correct,all pairs found,"[[""Retail"", ""230.72""], [""Online"", ""208.52""]]",19.4
D_fixed_rule,F7,F7-EN3,main,en,0,Average basket size per channel this month,COMPLETED,correct,all pairs found,"[[""Retail"", ""230.72""], [""Online"", ""208.52""]]",16.2
D_fixed_rule,F7,F7-EN4,main,en,0,How much does a typical order spend in each channel this month?,COMPLETED,correct,all pairs found,"[[""Retail"", ""230.72""], [""Online"", ""208.52""]]",16.3
D_fixed_rule,F7,F7-EN5,main,en,0,Average ticket by channel for the current month,COMPLETED,correct,all pairs found,"[[""Retail"", ""230.72""], [""Online"", ""208.52""]]",16.3
D_fixed_rule,F7,F7-FR1,main,fr,0,Quel est le panier moyen par canal ce mois-ci ?,COMPLETED,correct,all pairs found,"[[""Retail"", ""230.72""], [""Online"", ""208.52""]]",19.4
D_fixed_rule,F7,F7-FR1,main,fr,1,Quel est le panier moyen par canal ce mois-ci ?,COMPLETED,correct,all pairs found,"[[""Retail"", ""230.72""], [""Online"", ""208.52""]]",16.2
D_fixed_rule,F7,F7-FR1,main,fr,2,Quel est le panier moyen par canal ce mois-ci ?,COMPLETED,correct,all pairs found,"[[""Retail"", ""230.72""], [""Online"", ""208.52""]]",16.3
D_fixed_rule,F7,F7-FR2,main,fr,0,Panier moyen web vs magasin ce mois-ci ?,COMPLETED,correct,all pairs found,"[[""Retail"", ""230.72""], [""Online"", ""208.52""]]",31.9
D_fixed_rule,F7,F7-FR3,main,fr,0,"Combien dépense un client par commande, selon le canal, ce mois-ci ?",COMPLETED,correct,all pairs found,"[[""Retail"", ""230.72""], [""Online"", ""208.52""]]",16.3
D_fixed_rule,F7,F7-FR4,main,fr,0,Le ticket moyen par canal ce mois ?,COMPLETED,correct,all pairs found,"[[""Retail"", ""230.72""], [""Online"", ""208.52""]]",19.4
D_fixed_rule,F7,F7-FR5,main,fr,0,Montant moyen d'une commande en ligne et en magasin ce mois-ci ?,COMPLETED,correct,all pairs found,"[[""Retail"", ""230.72""], [""Online"", ""208.52""]]",16.2
D_fixed_rule,F8,F8-HEN1,holdout,en,0,"In the previous quarter, how much of our revenue was discounted, as a percentage?",COMPLETED,correct,expected value 53.6 found,"[[""53.6""]]",28.8
D_fixed_rule,F8,F8-HEN2,holdout,en,0,Promo share of sales for last quarter?,COMPLETED,correct,expected value 53.6 found,"[[""53.6""]]",31.8
D_fixed_rule,F8,F8-HFR1,holdout,fr,0,"Sur le trimestre précédent, quel % du CA a été fait en promo ?",COMPLETED,correct,expected value 53.6 found,"[[""53.6""]]",22.4
D_fixed_rule,F8,F8-HFR2,holdout,fr,0,Poids des ventes remisées dans le CA du dernier trimestre ?,COMPLETED,correct,expected value 53.6 found,"[[""53.6""]]",25.6
D_fixed_rule,F8,F8-EN1,main,en,0,What share of revenue came from discounted sales last quarter?,COMPLETED,correct,expected value 53.6 found,"[[""53.6""]]",34.9
D_fixed_rule,F8,F8-EN1,main,en,1,What share of revenue came from discounted sales last quarter?,COMPLETED,correct,expected value 53.6 found,"[[""53.6""]]",41.2
D_fixed_rule,F8,F8-EN1,main,en,2,What share of revenue came from discounted sales last quarter?,COMPLETED,correct,expected value 53.6 found,"[[""53.6""]]",32.0
D_fixed_rule,F8,F8-EN2,main,en,0,What percentage of last quarter's sales were on promotion?,COMPLETED,correct,expected value 53.6 found,"[[""53.6""]]",25.6
D_fixed_rule,F8,F8-EN3,main,en,0,"As a percent, how much of last quarter's revenue came from marked-down items?",COMPLETED,correct,expected value 53.6 found,"[[""53.6""]]",28.8
D_fixed_rule,F8,F8-EN4,main,en,0,"Discounted revenue as a % of total, previous quarter",COMPLETED,correct,expected value 53.6 found,"[[""53.6""]]",31.9
D_fixed_rule,F8,F8-EN5,main,en,0,"Last quarter, what portion of sales had a discount applied?",COMPLETED,correct,expected value 53.6 found,"[[""53.6""]]",35.1
D_fixed_rule,F8,F8-FR1,main,fr,0,Quelle part du CA a été réalisée avec une remise le trimestre dernier ?,COMPLETED,correct,expected value 53.6 found,"[[""53.6""]]",41.1
D_fixed_rule,F8,F8-FR1,main,fr,1,Quelle part du CA a été réalisée avec une remise le trimestre dernier ?,COMPLETED,correct,expected value 53.6 found,"[[""53.6""]]",22.4
D_fixed_rule,F8,F8-FR1,main,fr,2,Quelle part du CA a été réalisée avec une remise le trimestre dernier ?,COMPLETED,correct,expected value 53.6 found,"[[""53.6""]]",50.5
D_fixed_rule,F8,F8-FR2,main,fr,0,Quel pourcentage des ventes du trimestre précédent était en promo ?,FAILED,incorrect,"[status FAILED, graded on content] empty result",[],40.9
D_fixed_rule,F8,F8-FR3,main,fr,0,Part du chiffre d'affaires remisé sur le trimestre dernier ?,COMPLETED,correct,expected value 53.6 found,"[[""53.6""]]",25.6
D_fixed_rule,F8,F8-FR4,main,fr,0,"Combien de notre CA du trimestre passé vient de ventes avec réduction, en % ?",COMPLETED,correct,expected value 53.6 found,"[[""53.6""]]",25.6
D_fixed_rule,F8,F8-FR5,main,fr,0,Taux de CA promo le trimestre dernier ?,COMPLETED,correct,expected value 53.6 found,"[[""53.6""]]",22.4
